timestamp,lat,lon,elapsed_seconds
2025-01-12 09:00:00.000,49.26229357400387,-123.2444904919245,0.0
2025-01-12 09:00:00.100,49.262295580528566,-123.24448518841326,0.1
2025-01-12 09:00:00.200,49.26229758705326,-123.24447988490203,0.2
2025-01-12 09:00:00.300,49.26229959357796,-123.2444745813908,0.30000000000000004
2025-01-12 09:00:00.400,49.262301600102646,-123.24446927787957,0.4
2025-01-12 09:00:00.500,49.26230360662734,-123.24446397436834,0.5
2025-01-12 09:00:00.600,49.26230561315204,-123.24445867085711,0.6
2025-01-12 09:00:00.700,49.26230761967673,-123.24445336734587,0.7
2025-01-12 09:00:00.800,49.26230962620143,-123.24444806383464,0.7999999999999999
2025-01-12 09:00:00.900,49.262311632726124,-123.24444276032341,0.8999999999999999
2025-01-12 09:00:01.000,49.26231363925082,-123.24443745681218,0.9999999999999999
2025-01-12 09:00:01.100,49.26231564577551,-123.24443215330095,1.0999999999999999
2025-01-12 09:00:01.200,49.262317652300204,-123.24442684978972,1.2
2025-01-12 09:00:01.300,49.2623196588249,-123.24442154627849,1.3
2025-01-12 09:00:01.400,49.262321665349596,-123.24441624276726,1.4000000000000001
2025-01-12 09:00:01.500,49.26232367187429,-123.24441093925603,1.5000000000000002
2025-01-12 09:00:01.600,49.26232567839899,-123.2444056357448,1.6000000000000003
2025-01-12 09:00:01.700,49.26232768492368,-123.24440033223357,1.7000000000000004
2025-01-12 09:00:01.800,49.26232969144837,-123.24439502872232,1.8000000000000005
2025-01-12 09:00:01.900,49.26233169797307,-123.2443897252111,1.9000000000000006
2025-01-12 09:00:02.000,49.26233370449776,-123.24438442169986,2.0000000000000004
2025-01-12 09:00:02.100,49.26233571102246,-123.24437911818863,2.1000000000000005
2025-01-12 09:00:02.200,49.262337717547155,-123.2443738146774,2.2000000000000006
2025-01-12 09:00:02.300,49.26233972407185,-123.24436851116617,2.3000000000000007
2025-01-12 09:00:02.400,49.262341730596546,-123.24436320765494,2.400000000000001
2025-01-12 09:00:02.500,49.26234373712124,-123.24435790414371,2.500000000000001
2025-01-12 09:00:02.600,49.26234574364593,-123.24435260063248,2.600000000000001
2025-01-12 09:00:02.700,49.262347750170626,-123.24434729712125,2.700000000000001
2025-01-12 09:00:02.800,49.26234975669532,-123.24434199361002,2.800000000000001
2025-01-12 09:00:02.900,49.26235176322002,-123.24433669009879,2.9000000000000012
2025-01-12 09:00:03.000,49.26235376974471,-123.24433138658756,3.0000000000000013
2025-01-12 09:00:03.100,49.26235577626941,-123.24432608307632,3.1000000000000014
2025-01-12 09:00:03.200,49.262357782794105,-123.24432077956509,3.2000000000000015
2025-01-12 09:00:03.300,49.26235978931879,-123.24431547605386,3.3000000000000016
2025-01-12 09:00:03.400,49.26236179584349,-123.24431017254263,3.4000000000000017
2025-01-12 09:00:03.500,49.262363802368185,-123.2443048690314,3.5000000000000018
2025-01-12 09:00:03.600,49.26236580889288,-123.24429956552017,3.600000000000002
2025-01-12 09:00:03.700,49.262367815417576,-123.24429426200894,3.700000000000002
2025-01-12 09:00:03.800,49.26236982194227,-123.2442889584977,3.800000000000002
2025-01-12 09:00:03.900,49.26237182846697,-123.24428365498648,3.900000000000002
2025-01-12 09:00:04.000,49.26237383499166,-123.24427835147524,4.000000000000002
2025-01-12 09:00:04.100,49.26237584151635,-123.24427304796401,4.100000000000001
2025-01-12 09:00:04.200,49.26237784804105,-123.24426774445277,4.200000000000001
2025-01-12 09:00:04.300,49.262379854565744,-123.24426244094154,4.300000000000001
2025-01-12 09:00:04.400,49.26238186109044,-123.24425713743031,4.4
2025-01-12 09:00:04.500,49.262383867615135,-123.24425183391908,4.5
2025-01-12 09:00:04.600,49.26238587413983,-123.24424653040785,4.6
2025-01-12 09:00:04.700,49.26238788066452,-123.24424122689662,4.699999999999999
2025-01-12 09:00:04.800,49.262389887189215,-123.24423592338539,4.799999999999999
2025-01-12 09:00:04.900,49.26239189371391,-123.24423061987416,4.899999999999999
2025-01-12 09:00:05.000,49.26239390023861,-123.24422531636293,4.999999999999998
2025-01-12 09:00:05.100,49.2623959067633,-123.2442200128517,5.099999999999998
2025-01-12 09:00:05.200,49.262397913288,-123.24421470934047,5.1999999999999975
2025-01-12 09:00:05.300,49.262399919812694,-123.24420940582924,5.299999999999997
2025-01-12 09:00:05.400,49.26240192633738,-123.24420410231801,5.399999999999997
2025-01-12 09:00:05.500,49.26240393286208,-123.24419879880676,5.4999999999999964
2025-01-12 09:00:05.600,49.262405939386774,-123.24419349529553,5.599999999999996
2025-01-12 09:00:05.700,49.26240794591147,-123.2441881917843,5.699999999999996
2025-01-12 09:00:05.800,49.262409952436165,-123.24418288827307,5.799999999999995
2025-01-12 09:00:05.900,49.26241195896086,-123.24417758476184,5.899999999999995
2025-01-12 09:00:06.000,49.26241396548556,-123.24417228125061,5.999999999999995
2025-01-12 09:00:06.100,49.262415972010245,-123.24416697773938,6.099999999999994
2025-01-12 09:00:06.200,49.26241797853494,-123.24416167422815,6.199999999999994
2025-01-12 09:00:06.300,49.26241998505964,-123.24415637071692,6.299999999999994
2025-01-12 09:00:06.400,49.26242199158433,-123.24415106720569,6.399999999999993
2025-01-12 09:00:06.500,49.26242399810903,-123.24414576369446,6.499999999999993
2025-01-12 09:00:06.600,49.262426004633724,-123.24414046018322,6.5999999999999925
2025-01-12 09:00:06.700,49.26242801115842,-123.24413515667199,6.699999999999992
2025-01-12 09:00:06.800,49.26243001768311,-123.24412985316076,6.799999999999992
2025-01-12 09:00:06.900,49.262432024207804,-123.24412454964953,6.8999999999999915
2025-01-12 09:00:07.000,49.2624340307325,-123.2441192461383,6.999999999999991
2025-01-12 09:00:07.100,49.262436037257196,-123.24411394262707,7.099999999999991
2025-01-12 09:00:07.200,49.26243804378189,-123.24410863911584,7.19999999999999
2025-01-12 09:00:07.300,49.26244005030659,-123.2441033356046,7.29999999999999
2025-01-12 09:00:07.400,49.26244205683128,-123.24409803209338,7.39999999999999
2025-01-12 09:00:07.500,49.26244406335597,-123.24409272858215,7.499999999999989
2025-01-12 09:00:07.600,49.26244606988067,-123.24408742507092,7.599999999999989
2025-01-12 09:00:07.700,49.26244807640536,-123.24408212155969,7.699999999999989
2025-01-12 09:00:07.800,49.26245008293006,-123.24407681804846,7.799999999999988
2025-01-12 09:00:07.900,49.262452089454754,-123.24407151453721,7.899999999999988
2025-01-12 09:00:08.000,49.26245409597945,-123.24406621102598,7.999999999999988
2025-01-12 09:00:08.100,49.262456102504146,-123.24406090751475,8.099999999999987
2025-01-12 09:00:08.200,49.26245810902884,-123.24405560400352,8.199999999999987
2025-01-12 09:00:08.300,49.26246011555353,-123.24405030049229,8.299999999999986
2025-01-12 09:00:08.400,49.262462122078226,-123.24404499698106,8.399999999999986
2025-01-12 09:00:08.500,49.26246412860292,-123.24403969346983,8.499999999999986
2025-01-12 09:00:08.600,49.26246613512762,-123.2440343899586,8.599999999999985
2025-01-12 09:00:08.700,49.26246814165231,-123.24402908644737,8.699999999999985
2025-01-12 09:00:08.800,49.26247014817701,-123.24402378293614,8.799999999999985
2025-01-12 09:00:08.900,49.262472154701705,-123.24401847942491,8.899999999999984
2025-01-12 09:00:09.000,49.26247416122639,-123.24401317591366,8.999999999999984
2025-01-12 09:00:09.100,49.26247616775109,-123.24400787240243,9.099999999999984
2025-01-12 09:00:09.200,49.262478174275785,-123.2440025688912,9.199999999999983
2025-01-12 09:00:09.300,49.26248018080048,-123.24399726537997,9.299999999999983
2025-01-12 09:00:09.400,49.262482187325176,-123.24399196186874,9.399999999999983
2025-01-12 09:00:09.500,49.26248419384987,-123.24398665835751,9.499999999999982
2025-01-12 09:00:09.600,49.26248620037457,-123.24398135484628,9.599999999999982
2025-01-12 09:00:09.700,49.262488206899256,-123.24397605133505,9.699999999999982
2025-01-12 09:00:09.800,49.26249021342395,-123.24397074782382,9.799999999999981
2025-01-12 09:00:09.900,49.26249221994865,-123.2439654443126,9.89999999999998
2025-01-12 09:00:10.000,49.26249422647334,-123.24396014080136,9.99999999999998
2025-01-12 09:00:10.100,49.26249623299804,-123.24395483729013,10.09999999999998
2025-01-12 09:00:10.200,49.262498239522735,-123.2439495337789,10.19999999999998
2025-01-12 09:00:10.300,49.26250024604743,-123.24394423026766,10.29999999999998
2025-01-12 09:00:10.400,49.26250225257212,-123.24393892675643,10.399999999999979
2025-01-12 09:00:10.500,49.262504259096815,-123.2439336232452,10.499999999999979
2025-01-12 09:00:10.600,49.26250626562151,-123.24392831973397,10.599999999999978
2025-01-12 09:00:10.700,49.262508272146206,-123.24392301622274,10.699999999999978
2025-01-12 09:00:10.800,49.2625102786709,-123.24391771271151,10.799999999999978
2025-01-12 09:00:10.900,49.2625122851956,-123.24391240920028,10.899999999999977
2025-01-12 09:00:11.000,49.262514291720294,-123.24390710568905,10.999999999999977
2025-01-12 09:00:11.100,49.26251629824498,-123.24390180217782,11.099999999999977
2025-01-12 09:00:11.200,49.26251830476968,-123.24389649866659,11.199999999999976
2025-01-12 09:00:11.300,49.262520311294374,-123.24389119515536,11.299999999999976
2025-01-12 09:00:11.400,49.26252231781907,-123.24388589164411,11.399999999999975
2025-01-12 09:00:11.500,49.262524324343765,-123.24388058813288,11.499999999999975
2025-01-12 09:00:11.600,49.26252633086846,-123.24387528462165,11.599999999999975
2025-01-12 09:00:11.700,49.26252833739316,-123.24386998111042,11.699999999999974
2025-01-12 09:00:11.800,49.262530343917845,-123.24386467759919,11.799999999999974
2025-01-12 09:00:11.900,49.26253235044254,-123.24385937408796,11.899999999999974
2025-01-12 09:00:12.000,49.26253435696724,-123.24385407057673,11.999999999999973
2025-01-12 09:00:12.100,49.26253636349193,-123.2438487670655,12.099999999999973
2025-01-12 09:00:12.200,49.26253837001663,-123.24384346355427,12.199999999999973
2025-01-12 09:00:12.300,49.262540376541324,-123.24383816004304,12.299999999999972
2025-01-12 09:00:12.400,49.26254238306602,-123.24383285653181,12.399999999999972
2025-01-12 09:00:12.500,49.262544389590715,-123.24382755302058,12.499999999999972
2025-01-12 09:00:12.600,49.262546396115404,-123.24382224950935,12.599999999999971
2025-01-12 09:00:12.700,49.2625484026401,-123.2438169459981,12.69999999999997
2025-01-12 09:00:12.800,49.262550409164795,-123.24381164248688,12.79999999999997
2025-01-12 09:00:12.900,49.26255241568949,-123.24380633897565,12.89999999999997
2025-01-12 09:00:13.000,49.26255442221419,-123.24380103546441,12.99999999999997
2025-01-12 09:00:13.100,49.26255642873888,-123.24379573195318,13.09999999999997
2025-01-12 09:00:13.200,49.26255843526358,-123.24379042844195,13.199999999999969
2025-01-12 09:00:13.300,49.26256044178827,-123.24378512493072,13.299999999999969
2025-01-12 09:00:13.400,49.26256244831296,-123.2437798214195,13.399999999999968
2025-01-12 09:00:13.500,49.26256445483766,-123.24377451790826,13.499999999999968
2025-01-12 09:00:13.600,49.262566461362354,-123.24376921439703,13.599999999999968
2025-01-12 09:00:13.700,49.26256846788705,-123.2437639108858,13.699999999999967
2025-01-12 09:00:13.800,49.262570474411746,-123.24375860737456,13.799999999999967
2025-01-12 09:00:13.900,49.26257248093644,-123.24375330386333,13.899999999999967
2025-01-12 09:00:14.000,49.26257448746113,-123.2437480003521,13.999999999999966
2025-01-12 09:00:14.100,49.262576493985826,-123.24374269684087,14.099999999999966
2025-01-12 09:00:14.200,49.26257850051052,-123.24373739332964,14.199999999999966
2025-01-12 09:00:14.300,49.26258050703522,-123.24373208981841,14.299999999999965
2025-01-12 09:00:14.400,49.26258251355991,-123.24372678630718,14.399999999999965
2025-01-12 09:00:14.500,49.26258452008461,-123.24372148279595,14.499999999999964
2025-01-12 09:00:14.600,49.262586526609304,-123.24371617928472,14.599999999999964
2025-01-12 09:00:14.700,49.26258853313399,-123.24371087577349,14.699999999999964
2025-01-12 09:00:14.800,49.26259053965869,-123.24370557226226,14.799999999999963
2025-01-12 09:00:14.900,49.262592546183384,-123.24370026875103,14.899999999999963
2025-01-12 09:00:15.000,49.26259455270808,-123.2436949652398,14.999999999999963
2025-01-12 09:00:15.100,49.262596559232776,-123.24368966172855,15.099999999999962
2025-01-12 09:00:15.200,49.26259856575747,-123.24368435821732,15.199999999999962
2025-01-12 09:00:15.300,49.26260057228217,-123.24367905470609,15.299999999999962
2025-01-12 09:00:15.400,49.262602578806856,-123.24367375119486,15.399999999999961
2025-01-12 09:00:15.500,49.26260458533155,-123.24366844768363,15.499999999999961
2025-01-12 09:00:15.600,49.26260659185625,-123.2436631441724,15.59999999999996
2025-01-12 09:00:15.700,49.26260859838094,-123.24365784066117,15.69999999999996
2025-01-12 09:00:15.800,49.26261060490564,-123.24365253714994,15.79999999999996
2025-01-12 09:00:15.900,49.262612611430335,-123.24364723363871,15.89999999999996
2025-01-12 09:00:16.000,49.26261461795503,-123.24364193012748,15.99999999999996
2025-01-12 09:00:16.100,49.26261662447972,-123.24363662661625,16.09999999999996
2025-01-12 09:00:16.200,49.262618631004415,-123.243631323105,16.19999999999996
2025-01-12 09:00:16.300,49.26262063752911,-123.24362601959378,16.29999999999996
2025-01-12 09:00:16.400,49.262622644053806,-123.24362071608255,16.399999999999963
2025-01-12 09:00:16.500,49.2626246505785,-123.24361541257132,16.499999999999964
2025-01-12 09:00:16.600,49.2626266571032,-123.24361010906009,16.599999999999966
2025-01-12 09:00:16.700,49.26262866362789,-123.24360480554886,16.699999999999967
2025-01-12 09:00:16.800,49.26263067015258,-123.24359950203763,16.79999999999997
2025-01-12 09:00:16.900,49.26263267667728,-123.2435941985264,16.89999999999997
2025-01-12 09:00:17.000,49.26263468320197,-123.24358889501517,16.99999999999997
2025-01-12 09:00:17.100,49.26263668972667,-123.24358359150393,17.099999999999973
2025-01-12 09:00:17.200,49.262638696251365,-123.2435782879927,17.199999999999974
2025-01-12 09:00:17.300,49.26264070277606,-123.24357298448147,17.299999999999976
2025-01-12 09:00:17.400,49.262642709300756,-123.24356768097024,17.399999999999977
2025-01-12 09:00:17.500,49.262644715825445,-123.243562377459,17.49999999999998
2025-01-12 09:00:17.600,49.26264672235014,-123.24355707394777,17.59999999999998
2025-01-12 09:00:17.700,49.26264872887484,-123.24355177043654,17.69999999999998
2025-01-12 09:00:17.800,49.26265073539953,-123.24354646692531,17.799999999999983
2025-01-12 09:00:17.900,49.26265274192423,-123.24354116341408,17.899999999999984
2025-01-12 09:00:18.000,49.262654748448924,-123.24353585990285,17.999999999999986
2025-01-12 09:00:18.100,49.26265675497362,-123.24353055639162,18.099999999999987
2025-01-12 09:00:18.200,49.262658761498315,-123.24352525288039,18.19999999999999
2025-01-12 09:00:18.300,49.262660768023004,-123.24351994936916,18.29999999999999
2025-01-12 09:00:18.400,49.2626627745477,-123.24351464585793,18.39999999999999
2025-01-12 09:00:18.500,49.262664781072395,-123.2435093423467,18.499999999999993
2025-01-12 09:00:18.600,49.26266678759709,-123.24350403883545,18.599999999999994
2025-01-12 09:00:18.700,49.26266879412179,-123.24349873532422,18.699999999999996
2025-01-12 09:00:18.800,49.26267080064648,-123.243493431813,18.799999999999997
2025-01-12 09:00:18.900,49.26267280717118,-123.24348812830176,18.9
2025-01-12 09:00:19.000,49.26267481369587,-123.24348282479053,19.0
2025-01-12 09:00:19.100,49.26267682022056,-123.2434775212793,19.1
2025-01-12 09:00:19.200,49.26267882674526,-123.24347221776807,19.200000000000003
2025-01-12 09:00:19.300,49.262680833269954,-123.24346691425684,19.300000000000004
2025-01-12 09:00:19.400,49.26268283979465,-123.24346161074561,19.400000000000006
2025-01-12 09:00:19.500,49.262684846319345,-123.24345630723438,19.500000000000007
2025-01-12 09:00:19.600,49.26268685284404,-123.24345100372315,19.60000000000001
2025-01-12 09:00:19.700,49.26268885936873,-123.24344570021192,19.70000000000001
2025-01-12 09:00:19.800,49.262690865893425,-123.24344039670069,19.80000000000001
2025-01-12 09:00:19.900,49.26269287241812,-123.24343509318945,19.900000000000013
2025-01-12 09:00:20.000,49.26269487894282,-123.24342978967822,20.000000000000014
2025-01-12 09:00:20.100,49.26269688546751,-123.24342448616699,20.100000000000016
2025-01-12 09:00:20.200,49.26269889199221,-123.24341918265576,20.200000000000017
2025-01-12 09:00:20.300,49.262700898516904,-123.24341387914453,20.30000000000002
2025-01-12 09:00:20.400,49.26270290504159,-123.2434085756333,20.40000000000002
2025-01-12 09:00:20.500,49.26270491156629,-123.24340327212207,20.50000000000002
2025-01-12 09:00:20.600,49.262706918090984,-123.24339796861084,20.600000000000023
2025-01-12 09:00:20.700,49.26270892461568,-123.2433926650996,20.700000000000024
2025-01-12 09:00:20.800,49.262710931140376,-123.24338736158838,20.800000000000026
2025-01-12 09:00:20.900,49.26271293766507,-123.24338205807715,20.900000000000027
2025-01-12 09:00:21.000,49.26271494418977,-123.2433767545659,21.00000000000003
2025-01-12 09:00:21.100,49.262716950714456,-123.24337145105467,21.10000000000003
2025-01-12 09:00:21.200,49.26271895723915,-123.24336614754344,21.20000000000003
2025-01-12 09:00:21.300,49.26272096376385,-123.24336084403221,21.300000000000033
2025-01-12 09:00:21.400,49.26272297028854,-123.24335554052098,21.400000000000034
2025-01-12 09:00:21.500,49.26272497681324,-123.24335023700975,21.500000000000036
2025-01-12 09:00:21.600,49.262726983337934,-123.24334493349852,21.600000000000037
2025-01-12 09:00:21.700,49.26272898986263,-123.24333962998729,21.70000000000004
2025-01-12 09:00:21.800,49.26273099638732,-123.24333432647606,21.80000000000004
2025-01-12 09:00:21.900,49.262733002912015,-123.24332902296483,21.90000000000004
2025-01-12 09:00:22.000,49.26273500943671,-123.2433237194536,22.000000000000043
2025-01-12 09:00:22.100,49.262737015961406,-123.24331841594237,22.100000000000044
2025-01-12 09:00:22.200,49.2627390224861,-123.24331311243114,22.200000000000045
2025-01-12 09:00:22.300,49.2627410290108,-123.2433078089199,22.300000000000047
2025-01-12 09:00:22.400,49.26274303553549,-123.24330250540866,22.40000000000005
2025-01-12 09:00:22.500,49.26274504206019,-123.24329720189743,22.50000000000005
2025-01-12 09:00:22.600,49.26274704858488,-123.2432918983862,22.60000000000005
2025-01-12 09:00:22.700,49.26274905510957,-123.24328659487497,22.700000000000053
2025-01-12 09:00:22.800,49.26275106163427,-123.24328129136374,22.800000000000054
2025-01-12 09:00:22.900,49.262753068158965,-123.24327598785251,22.900000000000055
2025-01-12 09:00:23.000,49.26275507468366,-123.24327068434128,23.000000000000057
2025-01-12 09:00:23.100,49.262757081208356,-123.24326538083005,23.10000000000006
2025-01-12 09:00:23.200,49.26275908773305,-123.24326007731882,23.20000000000006
2025-01-12 09:00:23.300,49.26276109425774,-123.24325477380759,23.30000000000006
2025-01-12 09:00:23.400,49.262763100782436,-123.24324947029635,23.400000000000063
2025-01-12 09:00:23.500,49.26276510730713,-123.24324416678512,23.500000000000064
2025-01-12 09:00:23.600,49.26276711383183,-123.24323886327389,23.600000000000065
2025-01-12 09:00:23.700,49.26276912035652,-123.24323355976266,23.700000000000067
2025-01-12 09:00:23.800,49.26277112688122,-123.24322825625143,23.800000000000068
2025-01-12 09:00:23.900,49.262773133405915,-123.2432229527402,23.90000000000007
2025-01-12 09:00:24.000,49.2627751399306,-123.24321764922897,24.00000000000007
2025-01-12 09:00:24.100,49.2627771464553,-123.24321234571774,24.100000000000072
2025-01-12 09:00:24.200,49.262779152979995,-123.2432070422065,24.200000000000074
2025-01-12 09:00:24.300,49.26278115950469,-123.24320173869528,24.300000000000075
2025-01-12 09:00:24.400,49.26278316602939,-123.24319643518405,24.400000000000077
2025-01-12 09:00:24.500,49.26278517255408,-123.24319113167282,24.500000000000078
2025-01-12 09:00:24.600,49.26278717907878,-123.24318582816159,24.60000000000008
2025-01-12 09:00:24.700,49.26278918560347,-123.24318052465034,24.70000000000008
2025-01-12 09:00:24.800,49.26279119212816,-123.24317522113911,24.800000000000082
2025-01-12 09:00:24.900,49.26279319865286,-123.24316991762788,24.900000000000084
2025-01-12 09:00:25.000,49.262795205177554,-123.24316461411665,25.000000000000085
2025-01-12 09:00:25.100,49.26279721170225,-123.24315931060542,25.100000000000087
2025-01-12 09:00:25.200,49.262799218226945,-123.24315400709419,25.200000000000088
2025-01-12 09:00:25.300,49.26280122475164,-123.24314870358296,25.30000000000009
2025-01-12 09:00:25.400,49.26280323127633,-123.24314340007173,25.40000000000009
2025-01-12 09:00:25.500,49.262805237801025,-123.2431380965605,25.500000000000092
2025-01-12 09:00:25.600,49.26280724432572,-123.24313279304927,25.600000000000094
2025-01-12 09:00:25.700,49.26280925085042,-123.24312748953804,25.700000000000095
2025-01-12 09:00:25.800,49.26281125737511,-123.2431221860268,25.800000000000097
2025-01-12 09:00:25.900,49.26281326389981,-123.24311688251557,25.900000000000098
2025-01-12 09:00:26.000,49.262815270424504,-123.24311157900433,26.0000000000001
2025-01-12 09:00:26.100,49.26281727694919,-123.2431062754931,26.1000000000001
2025-01-12 09:00:26.200,49.26281928347389,-123.24310097198187,26.200000000000102
2025-01-12 09:00:26.300,49.262821289998584,-123.24309566847064,26.300000000000104
2025-01-12 09:00:26.400,49.26282329652328,-123.24309036495941,26.400000000000105
2025-01-12 09:00:26.500,49.262825303047975,-123.24308506144818,26.500000000000107
2025-01-12 09:00:26.600,49.26282730957267,-123.24307975793695,26.600000000000108
2025-01-12 09:00:26.700,49.26282931609737,-123.24307445442572,26.70000000000011
2025-01-12 09:00:26.800,49.262831322622056,-123.2430691509145,26.80000000000011
2025-01-12 09:00:26.900,49.26283332914675,-123.24306384740326,26.900000000000112
2025-01-12 09:00:27.000,49.26283533567145,-123.24305854389203,27.000000000000114
2025-01-12 09:00:27.100,49.26283734219614,-123.24305324038079,27.100000000000115
2025-01-12 09:00:27.200,49.26283934872084,-123.24304793686956,27.200000000000117
2025-01-12 09:00:27.300,49.262841355245534,-123.24304263335833,27.300000000000118
2025-01-12 09:00:27.400,49.26284336177023,-123.2430373298471,27.40000000000012
2025-01-12 09:00:27.500,49.26284536829492,-123.24303202633587,27.50000000000012
2025-01-12 09:00:27.600,49.262847374819614,-123.24302672282464,27.600000000000122
2025-01-12 09:00:27.700,49.26284938134431,-123.24302141931341,27.700000000000124
2025-01-12 09:00:27.800,49.262851387869006,-123.24301611580218,27.800000000000125
2025-01-12 09:00:27.900,49.2628533943937,-123.24301081229095,27.900000000000126
2025-01-12 09:00:28.000,49.2628554009184,-123.24300550877972,28.000000000000128
2025-01-12 09:00:28.100,49.26285740744309,-123.24300020526849,28.10000000000013
2025-01-12 09:00:28.200,49.26285941396779,-123.24299490175724,28.20000000000013
2025-01-12 09:00:28.300,49.26286142049248,-123.24298959824601,28.300000000000132
2025-01-12 09:00:28.400,49.26286342701717,-123.24298429473478,28.400000000000134
2025-01-12 09:00:28.500,49.26286543354187,-123.24297899122355,28.500000000000135
2025-01-12 09:00:28.600,49.262867440066564,-123.24297368771232,28.600000000000136
2025-01-12 09:00:28.700,49.26286944659126,-123.24296838420109,28.700000000000138
2025-01-12 09:00:28.800,49.262871453115956,-123.24296308068986,28.80000000000014
2025-01-12 09:00:28.900,49.26287345964065,-123.24295777717863,28.90000000000014
2025-01-12 09:00:29.000,49.26287546616534,-123.2429524736674,29.000000000000142
2025-01-12 09:00:29.100,49.262877472690036,-123.24294717015617,29.100000000000144
2025-01-12 09:00:29.200,49.26287947921473,-123.24294186664494,29.200000000000145
2025-01-12 09:00:29.300,49.26288148573943,-123.24293656313371,29.300000000000146
2025-01-12 09:00:29.400,49.26288349226412,-123.24293125962248,29.400000000000148
2025-01-12 09:00:29.500,49.26288549878882,-123.24292595611124,29.50000000000015
2025-01-12 09:00:29.600,49.262887505313515,-123.2429206526,29.60000000000015
2025-01-12 09:00:29.700,49.2628895118382,-123.24291534908878,29.700000000000152
2025-01-12 09:00:29.800,49.2628915183629,-123.24291004557755,29.800000000000153
2025-01-12 09:00:29.900,49.262893524887595,-123.24290474206632,29.900000000000155
2025-01-12 09:00:30.000,49.26289553141229,-123.24289943855509,30.000000000000156
2025-01-12 09:00:30.100,49.262899035464834,-123.2429023786482,30.100000000000158
2025-01-12 09:00:30.200,49.26290253951738,-123.24290531874131,30.20000000000016
2025-01-12 09:00:30.300,49.26290604356991,-123.24290825883442,30.30000000000016
2025-01-12 09:00:30.400,49.262909547622456,-123.24291119892753,30.400000000000162
2025-01-12 09:00:30.500,49.262913051675,-123.24291413902063,30.500000000000163
2025-01-12 09:00:30.600,49.26291655572754,-123.24291707911374,30.600000000000165
2025-01-12 09:00:30.700,49.262920059780086,-123.24292001920685,30.700000000000166
2025-01-12 09:00:30.800,49.26292356383262,-123.24292295929996,30.800000000000168
2025-01-12 09:00:30.900,49.262927067885165,-123.24292589939307,30.90000000000017
2025-01-12 09:00:31.000,49.26293057193771,-123.24292883948618,31.00000000000017
2025-01-12 09:00:31.100,49.26293407599025,-123.2429317795793,31.100000000000172
2025-01-12 09:00:31.200,49.26293758004279,-123.2429347196724,31.200000000000173
2025-01-12 09:00:31.300,49.26294108409533,-123.2429376597655,31.300000000000175
2025-01-12 09:00:31.400,49.262944588147874,-123.24294059985861,31.400000000000176
2025-01-12 09:00:31.500,49.26294809220042,-123.24294353995172,31.500000000000178
2025-01-12 09:00:31.600,49.26295159625296,-123.24294648004484,31.60000000000018
2025-01-12 09:00:31.700,49.2629551003055,-123.24294942013795,31.70000000000018
2025-01-12 09:00:31.800,49.26295860435804,-123.24295236023106,31.800000000000182
2025-01-12 09:00:31.900,49.26296210841058,-123.24295530032417,31.900000000000183
2025-01-12 09:00:32.000,49.26296561246313,-123.24295824041728,32.000000000000185
2025-01-12 09:00:32.100,49.26296911651567,-123.24296118051038,32.100000000000186
2025-01-12 09:00:32.200,49.262972620568206,-123.24296412060349,32.20000000000019
2025-01-12 09:00:32.300,49.26297612462075,-123.2429670606966,32.30000000000019
2025-01-12 09:00:32.400,49.26297962867329,-123.24297000078971,32.40000000000019
2025-01-12 09:00:32.500,49.262983132725836,-123.24297294088282,32.50000000000019
2025-01-12 09:00:32.600,49.26298663677837,-123.24297588097593,32.60000000000019
2025-01-12 09:00:32.700,49.262990140830915,-123.24297882106904,32.700000000000195
2025-01-12 09:00:32.800,49.26299364488346,-123.24298176116216,32.800000000000196
2025-01-12 09:00:32.900,49.262997148936,-123.24298470125525,32.9000000000002
2025-01-12 09:00:33.000,49.263000652988545,-123.24298764134836,33.0000000000002
2025-01-12 09:00:33.100,49.26300415704108,-123.24299058144148,33.1000000000002
2025-01-12 09:00:33.200,49.263007661093624,-123.24299352153459,33.2000000000002
2025-01-12 09:00:33.300,49.26301116514617,-123.2429964616277,33.3000000000002
2025-01-12 09:00:33.400,49.26301466919871,-123.24299940172081,33.400000000000205
2025-01-12 09:00:33.500,49.263018173251254,-123.24300234181392,33.500000000000206
2025-01-12 09:00:33.600,49.26302167730379,-123.24300528190703,33.60000000000021
2025-01-12 09:00:33.700,49.26302518135633,-123.24300822200013,33.70000000000021
2025-01-12 09:00:33.800,49.26302868540888,-123.24301116209324,33.80000000000021
2025-01-12 09:00:33.900,49.26303218946142,-123.24301410218635,33.90000000000021
2025-01-12 09:00:34.000,49.263035693513956,-123.24301704227946,34.00000000000021
2025-01-12 09:00:34.100,49.2630391975665,-123.24301998237257,34.100000000000215
2025-01-12 09:00:34.200,49.26304270161904,-123.24302292246568,34.200000000000216
2025-01-12 09:00:34.300,49.263046205671586,-123.2430258625588,34.30000000000022
2025-01-12 09:00:34.400,49.26304970972413,-123.2430288026519,34.40000000000022
2025-01-12 09:00:34.500,49.263053213776665,-123.243031742745,34.50000000000022
2025-01-12 09:00:34.600,49.26305671782921,-123.24303468283811,34.60000000000022
2025-01-12 09:00:34.700,49.26306022188175,-123.24303762293123,34.70000000000022
2025-01-12 09:00:34.800,49.263063725934295,-123.24304056302434,34.800000000000225
2025-01-12 09:00:34.900,49.26306722998684,-123.24304350311745,34.900000000000226
2025-01-12 09:00:35.000,49.263070734039374,-123.24304644321056,35.00000000000023
2025-01-12 09:00:35.100,49.26307423809192,-123.24304938330367,35.10000000000023
2025-01-12 09:00:35.200,49.26307774214446,-123.24305232339678,35.20000000000023
2025-01-12 09:00:35.300,49.263081246197004,-123.24305526348988,35.30000000000023
2025-01-12 09:00:35.400,49.26308475024954,-123.24305820358299,35.40000000000023
2025-01-12 09:00:35.500,49.26308825430208,-123.2430611436761,35.500000000000234
2025-01-12 09:00:35.600,49.263091758354626,-123.24306408376921,35.600000000000236
2025-01-12 09:00:35.700,49.26309526240717,-123.24306702386232,35.70000000000024
2025-01-12 09:00:35.800,49.26309876645971,-123.24306996395543,35.80000000000024
2025-01-12 09:00:35.900,49.26310227051225,-123.24307290404855,35.90000000000024
2025-01-12 09:00:36.000,49.26310577456479,-123.24307584414166,36.00000000000024
2025-01-12 09:00:36.100,49.263109278617335,-123.24307878423475,36.10000000000024
2025-01-12 09:00:36.200,49.26311278266988,-123.24308172432787,36.200000000000244
2025-01-12 09:00:36.300,49.26311628672242,-123.24308466442098,36.300000000000246
2025-01-12 09:00:36.400,49.26311979077496,-123.24308760451409,36.40000000000025
2025-01-12 09:00:36.500,49.2631232948275,-123.2430905446072,36.50000000000025
2025-01-12 09:00:36.600,49.263126798880045,-123.24309348470031,36.60000000000025
2025-01-12 09:00:36.700,49.26313030293259,-123.24309642479342,36.70000000000025
2025-01-12 09:00:36.800,49.263133806985124,-123.24309936488653,36.80000000000025
2025-01-12 09:00:36.900,49.26313731103767,-123.24310230497963,36.900000000000254
2025-01-12 09:00:37.000,49.26314081509021,-123.24310524507274,37.000000000000256
2025-01-12 09:00:37.100,49.263144319142754,-123.24310818516585,37.10000000000026
2025-01-12 09:00:37.200,49.2631478231953,-123.24311112525896,37.20000000000026
2025-01-12 09:00:37.300,49.26315132724783,-123.24311406535207,37.30000000000026
2025-01-12 09:00:37.400,49.263154831300376,-123.24311700544519,37.40000000000026
2025-01-12 09:00:37.500,49.26315833535292,-123.2431199455383,37.50000000000026
2025-01-12 09:00:37.600,49.26316183940546,-123.24312288563141,37.600000000000264
2025-01-12 09:00:37.700,49.263165343458006,-123.24312582572452,37.700000000000266
2025-01-12 09:00:37.800,49.26316884751054,-123.24312876581762,37.80000000000027
2025-01-12 09:00:37.900,49.263172351563085,-123.24313170591073,37.90000000000027
2025-01-12 09:00:38.000,49.26317585561563,-123.24313464600384,38.00000000000027
2025-01-12 09:00:38.100,49.26317935966817,-123.24313758609695,38.10000000000027
2025-01-12 09:00:38.200,49.263182863720715,-123.24314052619006,38.20000000000027
2025-01-12 09:00:38.300,49.26318636777325,-123.24314346628317,38.300000000000274
2025-01-12 09:00:38.400,49.263189871825794,-123.24314640637628,38.400000000000276
2025-01-12 09:00:38.500,49.26319337587834,-123.2431493464694,38.50000000000028
2025-01-12 09:00:38.600,49.26319687993088,-123.24315228656249,38.60000000000028
2025-01-12 09:00:38.700,49.26320038398342,-123.2431552266556,38.70000000000028
2025-01-12 09:00:38.800,49.26320388803596,-123.24315816674871,38.80000000000028
2025-01-12 09:00:38.900,49.2632073920885,-123.24316110684182,38.90000000000028
2025-01-12 09:00:39.000,49.26321089614105,-123.24316404693494,39.000000000000284
2025-01-12 09:00:39.100,49.26321440019359,-123.24316698702805,39.100000000000286
2025-01-12 09:00:39.200,49.263217904246126,-123.24316992712116,39.20000000000029
2025-01-12 09:00:39.300,49.26322140829867,-123.24317286721427,39.30000000000029
2025-01-12 09:00:39.400,49.26322491235121,-123.24317580730737,39.40000000000029
2025-01-12 09:00:39.500,49.263228416403756,-123.24317874740048,39.50000000000029
2025-01-12 09:00:39.600,49.2632319204563,-123.24318168749359,39.60000000000029
2025-01-12 09:00:39.700,49.263235424508835,-123.2431846275867,39.700000000000294
2025-01-12 09:00:39.800,49.26323892856138,-123.24318756767981,39.800000000000296
2025-01-12 09:00:39.900,49.26324243261392,-123.24319050777292,39.9000000000003
2025-01-12 09:00:40.000,49.263245936666465,-123.24319344786603,40.0000000000003
2025-01-12 09:00:40.100,49.263249440719,-123.24319638795914,40.1000000000003
2025-01-12 09:00:40.200,49.263252944771544,-123.24319932805224,40.2000000000003
2025-01-12 09:00:40.300,49.26325644882409,-123.24320226814535,40.3000000000003
2025-01-12 09:00:40.400,49.26325995287663,-123.24320520823846,40.400000000000304
2025-01-12 09:00:40.500,49.263263456929174,-123.24320814833158,40.500000000000306
2025-01-12 09:00:40.600,49.26326696098171,-123.24321108842469,40.60000000000031
2025-01-12 09:00:40.700,49.26327046503425,-123.2432140285178,40.70000000000031
2025-01-12 09:00:40.800,49.2632739690868,-123.24321696861091,40.80000000000031
2025-01-12 09:00:40.900,49.26327747313934,-123.24321990870402,40.90000000000031
2025-01-12 09:00:41.000,49.26328097719188,-123.24322284879712,41.00000000000031
2025-01-12 09:00:41.100,49.26328448124442,-123.24322578889023,41.100000000000314
2025-01-12 09:00:41.200,49.26328798529696,-123.24322872898334,41.200000000000315
2025-01-12 09:00:41.300,49.263291489349506,-123.24323166907645,41.30000000000032
2025-01-12 09:00:41.400,49.26329499340205,-123.24323460916956,41.40000000000032
2025-01-12 09:00:41.500,49.263298497454585,-123.24323754926267,41.50000000000032
2025-01-12 09:00:41.600,49.26330200150713,-123.24324048935578,41.60000000000032
2025-01-12 09:00:41.700,49.26330550555967,-123.2432434294489,41.70000000000032
2025-01-12 09:00:41.800,49.263309009612215,-123.24324636954199,41.800000000000324
2025-01-12 09:00:41.900,49.26331251366476,-123.2432493096351,41.900000000000325
2025-01-12 09:00:42.000,49.263316017717294,-123.24325224972822,42.00000000000033
2025-01-12 09:00:42.100,49.26331952176984,-123.24325518982133,42.10000000000033
2025-01-12 09:00:42.200,49.26332302582238,-123.24325812991444,42.20000000000033
2025-01-12 09:00:42.300,49.263326529874924,-123.24326107000755,42.30000000000033
2025-01-12 09:00:42.400,49.26333003392747,-123.24326401010066,42.40000000000033
2025-01-12 09:00:42.500,49.26333353798,-123.24326695019377,42.500000000000334
2025-01-12 09:00:42.600,49.263337042032546,-123.24326989028687,42.600000000000335
2025-01-12 09:00:42.700,49.26334054608509,-123.24327283037998,42.70000000000034
2025-01-12 09:00:42.800,49.26334405013763,-123.24327577047309,42.80000000000034
2025-01-12 09:00:42.900,49.26334755419017,-123.2432787105662,42.90000000000034
2025-01-12 09:00:43.000,49.26335105824271,-123.24328165065931,43.00000000000034
2025-01-12 09:00:43.100,49.263354562295255,-123.24328459075242,43.10000000000034
2025-01-12 09:00:43.200,49.2633580663478,-123.24328753084554,43.200000000000344
2025-01-12 09:00:43.300,49.26336157040034,-123.24329047093865,43.300000000000345
2025-01-12 09:00:43.400,49.26336507445288,-123.24329341103174,43.40000000000035
2025-01-12 09:00:43.500,49.26336857850542,-123.24329635112485,43.50000000000035
2025-01-12 09:00:43.600,49.263372082557964,-123.24329929121797,43.60000000000035
2025-01-12 09:00:43.700,49.26337558661051,-123.24330223131108,43.70000000000035
2025-01-12 09:00:43.800,49.26337909066305,-123.24330517140419,43.80000000000035
2025-01-12 09:00:43.900,49.26338259471559,-123.2433081114973,43.900000000000354
2025-01-12 09:00:44.000,49.26338609876813,-123.24331105159041,44.000000000000355
2025-01-12 09:00:44.100,49.26338960282067,-123.24331399168352,44.10000000000036
2025-01-12 09:00:44.200,49.26339310687322,-123.24331693177662,44.20000000000036
2025-01-12 09:00:44.300,49.26339661092575,-123.24331987186973,44.30000000000036
2025-01-12 09:00:44.400,49.263400114978296,-123.24332281196284,44.40000000000036
2025-01-12 09:00:44.500,49.26340361903084,-123.24332575205595,44.50000000000036
2025-01-12 09:00:44.600,49.26340712308338,-123.24332869214906,44.600000000000364
2025-01-12 09:00:44.700,49.263410627135926,-123.24333163224217,44.700000000000365
2025-01-12 09:00:44.800,49.26341413118846,-123.24333457233529,44.80000000000037
2025-01-12 09:00:44.900,49.263417635241005,-123.2433375124284,44.90000000000037
2025-01-12 09:00:45.000,49.26342113929355,-123.2433404525215,45.00000000000037
2025-01-12 09:00:45.100,49.26342464334609,-123.2433433926146,45.10000000000037
2025-01-12 09:00:45.200,49.263428147398635,-123.24334633270772,45.20000000000037
2025-01-12 09:00:45.300,49.26343165145117,-123.24334927280083,45.300000000000374
2025-01-12 09:00:45.400,49.263435155503714,-123.24335221289394,45.400000000000375
2025-01-12 09:00:45.500,49.26343865955626,-123.24335515298705,45.50000000000038
2025-01-12 09:00:45.600,49.2634421636088,-123.24335809308016,45.60000000000038
2025-01-12 09:00:45.700,49.263445667661344,-123.24336103317327,45.70000000000038
2025-01-12 09:00:45.800,49.26344917171388,-123.24336397326638,45.80000000000038
2025-01-12 09:00:45.900,49.26345267576642,-123.24336691335948,45.90000000000038
2025-01-12 09:00:46.000,49.26345617981897,-123.24336985345259,46.000000000000384
2025-01-12 09:00:46.100,49.26345968387151,-123.2433727935457,46.100000000000385
2025-01-12 09:00:46.200,49.263463187924046,-123.24337573363881,46.20000000000039
2025-01-12 09:00:46.300,49.26346669197659,-123.24337867373193,46.30000000000039
2025-01-12 09:00:46.400,49.26347019602913,-123.24338161382504,46.40000000000039
2025-01-12 09:00:46.500,49.263473700081676,-123.24338455391815,46.50000000000039
2025-01-12 09:00:46.600,49.26347720413422,-123.24338749401126,46.60000000000039
2025-01-12 09:00:46.700,49.263480708186755,-123.24339043410436,46.700000000000394
2025-01-12 09:00:46.800,49.2634842122393,-123.24339337419747,46.800000000000395
2025-01-12 09:00:46.900,49.26348771629184,-123.24339631429058,46.9000000000004
2025-01-12 09:00:47.000,49.263491220344385,-123.24339925438369,47.0000000000004
2025-01-12 09:00:47.100,49.26349472439693,-123.2434021944768,47.1000000000004
2025-01-12 09:00:47.200,49.263498228449464,-123.24340513456991,47.2000000000004
2025-01-12 09:00:47.300,49.26350173250201,-123.24340807466302,47.3000000000004
2025-01-12 09:00:47.400,49.26350523655455,-123.24341101475613,47.400000000000404
2025-01-12 09:00:47.500,49.263508740607094,-123.24341395484923,47.500000000000405
2025-01-12 09:00:47.600,49.26351224465963,-123.24341689494234,47.600000000000406
2025-01-12 09:00:47.700,49.26351574871217,-123.24341983503545,47.70000000000041
2025-01-12 09:00:47.800,49.263519252764716,-123.24342277512856,47.80000000000041
2025-01-12 09:00:47.900,49.26352275681726,-123.24342571522168,47.90000000000041
2025-01-12 09:00:48.000,49.2635262608698,-123.24342865531479,48.00000000000041
2025-01-12 09:00:48.100,49.26352976492234,-123.2434315954079,48.10000000000041
2025-01-12 09:00:48.200,49.26353326897488,-123.24343453550101,48.200000000000415
2025-01-12 09:00:48.300,49.263536773027425,-123.2434374755941,48.300000000000416
2025-01-12 09:00:48.400,49.26354027707997,-123.24344041568722,48.40000000000042
2025-01-12 09:00:48.500,49.26354378113251,-123.24344335578033,48.50000000000042
2025-01-12 09:00:48.600,49.26354728518505,-123.24344629587344,48.60000000000042
2025-01-12 09:00:48.700,49.26355078923759,-123.24344923596655,48.70000000000042
2025-01-12 09:00:48.800,49.263554293290134,-123.24345217605966,48.80000000000042
2025-01-12 09:00:48.900,49.26355779734268,-123.24345511615277,48.900000000000425
2025-01-12 09:00:49.000,49.263561301395214,-123.24345805624588,49.000000000000426
2025-01-12 09:00:49.100,49.26356480544776,-123.24346099633898,49.10000000000043
2025-01-12 09:00:49.200,49.2635683095003,-123.2434639364321,49.20000000000043
2025-01-12 09:00:49.300,49.26357181355284,-123.2434668765252,49.30000000000043
2025-01-12 09:00:49.400,49.26357531760539,-123.24346981661832,49.40000000000043
2025-01-12 09:00:49.500,49.26357882165792,-123.24347275671143,49.50000000000043
2025-01-12 09:00:49.600,49.263582325710466,-123.24347569680454,49.600000000000435
2025-01-12 09:00:49.700,49.26358582976301,-123.24347863689765,49.700000000000436
2025-01-12 09:00:49.800,49.26358933381555,-123.24348157699076,49.80000000000044
2025-01-12 09:00:49.900,49.263592837868096,-123.24348451708386,49.90000000000044
2025-01-12 09:00:50.000,49.26359634192063,-123.24348745717697,50.00000000000044
2025-01-12 09:00:50.100,49.263599845973175,-123.24349039727008,50.10000000000044
2025-01-12 09:00:50.200,49.26360335002572,-123.24349333736319,50.20000000000044
2025-01-12 09:00:50.300,49.26360685407826,-123.2434962774563,50.300000000000445
2025-01-12 09:00:50.400,49.2636103581308,-123.24349921754941,50.400000000000446
2025-01-12 09:00:50.500,49.26361386218334,-123.24350215764252,50.50000000000045
2025-01-12 09:00:50.600,49.263617366235884,-123.24350509773564,50.60000000000045
2025-01-12 09:00:50.700,49.26362087028843,-123.24350803782873,50.70000000000045
2025-01-12 09:00:50.800,49.26362437434097,-123.24351097792184,50.80000000000045
2025-01-12 09:00:50.900,49.26362787839351,-123.24351391801495,50.90000000000045
2025-01-12 09:00:51.000,49.26363138244605,-123.24351685810807,51.000000000000455
2025-01-12 09:00:51.100,49.26363488649859,-123.24351979820118,51.100000000000456
2025-01-12 09:00:51.200,49.26363839055114,-123.24352273829429,51.20000000000046
2025-01-12 09:00:51.300,49.26364189460368,-123.2435256783874,51.30000000000046
2025-01-12 09:00:51.400,49.263645398656216,-123.24352861848051,51.40000000000046
2025-01-12 09:00:51.500,49.26364890270876,-123.24353155857361,51.50000000000046
2025-01-12 09:00:51.600,49.2636524067613,-123.24353449866672,51.60000000000046
2025-01-12 09:00:51.700,49.263655910813846,-123.24353743875983,51.700000000000465
2025-01-12 09:00:51.800,49.26365941486638,-123.24354037885294,51.800000000000466
2025-01-12 09:00:51.900,49.263662918918925,-123.24354331894605,51.90000000000047
2025-01-12 09:00:52.000,49.26366642297147,-123.24354625903916,52.00000000000047
2025-01-12 09:00:52.100,49.26366992702401,-123.24354919913227,52.10000000000047
2025-01-12 09:00:52.200,49.263673431076555,-123.24355213922539,52.20000000000047
2025-01-12 09:00:52.300,49.26367693512909,-123.24355507931848,52.30000000000047
2025-01-12 09:00:52.400,49.263680439181634,-123.2435580194116,52.400000000000475
2025-01-12 09:00:52.500,49.26368394323418,-123.2435609595047,52.500000000000476
2025-01-12 09:00:52.600,49.26368744728672,-123.24356389959782,52.60000000000048
2025-01-12 09:00:52.700,49.263690951339264,-123.24356683969093,52.70000000000048
2025-01-12 09:00:52.800,49.2636944553918,-123.24356977978404,52.80000000000048
2025-01-12 09:00:52.900,49.26369795944434,-123.24357271987715,52.90000000000048
2025-01-12 09:00:53.000,49.263701463496886,-123.24357565997026,53.00000000000048
2025-01-12 09:00:53.100,49.26370496754943,-123.24357860006337,53.100000000000485
2025-01-12 09:00:53.200,49.26370847160197,-123.24358154015647,53.200000000000486
2025-01-12 09:00:53.300,49.26371197565451,-123.24358448024958,53.30000000000049
2025-01-12 09:00:53.400,49.26371547970705,-123.24358742034269,53.40000000000049
2025-01-12 09:00:53.500,49.263718983759595,-123.2435903604358,53.50000000000049
2025-01-12 09:00:53.600,49.26372248781214,-123.24359330052891,53.60000000000049
2025-01-12 09:00:53.700,49.263725991864675,-123.24359624062203,53.70000000000049
2025-01-12 09:00:53.800,49.26372949591722,-123.24359918071514,53.800000000000495
2025-01-12 09:00:53.900,49.26373299996976,-123.24360212080825,53.900000000000496
2025-01-12 09:00:54.000,49.263736504022305,-123.24360506090134,54.0000000000005
2025-01-12 09:00:54.100,49.26374000807485,-123.24360800099446,54.1000000000005
2025-01-12 09:00:54.200,49.263743512127384,-123.24361094108757,54.2000000000005
2025-01-12 09:00:54.300,49.26374701617993,-123.24361388118068,54.3000000000005
2025-01-12 09:00:54.400,49.26375052023247,-123.24361682127379,54.4000000000005
2025-01-12 09:00:54.500,49.263754024285014,-123.2436197613669,54.500000000000504
2025-01-12 09:00:54.600,49.26375752833756,-123.24362270146001,54.600000000000506
2025-01-12 09:00:54.700,49.26376103239009,-123.24362564155312,54.70000000000051
2025-01-12 09:00:54.800,49.263764536442636,-123.24362858164622,54.80000000000051
2025-01-12 09:00:54.900,49.26376804049518,-123.24363152173933,54.90000000000051
2025-01-12 09:00:55.000,49.26377154454772,-123.24363446183244,55.00000000000051
2025-01-12 09:00:55.100,49.26377504860026,-123.24363740192555,55.10000000000051
2025-01-12 09:00:55.200,49.2637785526528,-123.24364034201867,55.200000000000514
2025-01-12 09:00:55.300,49.263782056705345,-123.24364328211178,55.300000000000516
2025-01-12 09:00:55.400,49.26378556075789,-123.24364622220489,55.40000000000052
2025-01-12 09:00:55.500,49.26378906481043,-123.243649162298,55.50000000000052
2025-01-12 09:00:55.600,49.26379256886297,-123.2436521023911,55.60000000000052
2025-01-12 09:00:55.700,49.26379607291551,-123.2436550424842,55.70000000000052
2025-01-12 09:00:55.800,49.263799576968054,-123.24365798257732,55.80000000000052
2025-01-12 09:00:55.900,49.2638030810206,-123.24366092267043,55.900000000000524
2025-01-12 09:00:56.000,49.26380658507314,-123.24366386276354,56.000000000000526
2025-01-12 09:00:56.100,49.26381008912568,-123.24366680285665,56.10000000000053
2025-01-12 09:00:56.200,49.26381359317822,-123.24366974294976,56.20000000000053
2025-01-12 09:00:56.300,49.26381709723076,-123.24367268304287,56.30000000000053
2025-01-12 09:00:56.400,49.26382060128331,-123.24367562313597,56.40000000000053
2025-01-12 09:00:56.500,49.26382410533584,-123.24367856322908,56.50000000000053
2025-01-12 09:00:56.600,49.263827609388386,-123.2436815033222,56.600000000000534
2025-01-12 09:00:56.700,49.26383111344093,-123.2436844434153,56.700000000000536
2025-01-12 09:00:56.800,49.26383461749347,-123.24368738350842,56.80000000000054
2025-01-12 09:00:56.900,49.263838121546016,-123.24369032360153,56.90000000000054
2025-01-12 09:00:57.000,49.26384162559855,-123.24369326369464,57.00000000000054
2025-01-12 09:00:57.100,49.263845129651095,-123.24369620378775,57.10000000000054
2025-01-12 09:00:57.200,49.26384863370364,-123.24369914388085,57.20000000000054
2025-01-12 09:00:57.300,49.26385213775618,-123.24370208397396,57.300000000000544
2025-01-12 09:00:57.400,49.263855641808725,-123.24370502406707,57.400000000000546
2025-01-12 09:00:57.500,49.26385914586126,-123.24370796416018,57.50000000000055
2025-01-12 09:00:57.600,49.263862649913804,-123.24371090425329,57.60000000000055
2025-01-12 09:00:57.700,49.26386615396635,-123.2437138443464,57.70000000000055
2025-01-12 09:00:57.800,49.26386965801889,-123.24371678443951,57.80000000000055
2025-01-12 09:00:57.900,49.26387316207143,-123.24371972453262,57.90000000000055
2025-01-12 09:00:58.000,49.26387666612397,-123.24372266462572,58.000000000000554
2025-01-12 09:00:58.100,49.26388017017651,-123.24372560471883,58.100000000000556
2025-01-12 09:00:58.200,49.26388367422906,-123.24372854481194,58.20000000000056
2025-01-12 09:00:58.300,49.2638871782816,-123.24373148490506,58.30000000000056
2025-01-12 09:00:58.400,49.263890682334136,-123.24373442499817,58.40000000000056
2025-01-12 09:00:58.500,49.26389418638668,-123.24373736509128,58.50000000000056
2025-01-12 09:00:58.600,49.26389769043922,-123.24374030518439,58.60000000000056
2025-01-12 09:00:58.700,49.263901194491766,-123.2437432452775,58.700000000000564
2025-01-12 09:00:58.800,49.26390469854431,-123.2437461853706,58.800000000000566
2025-01-12 09:00:58.900,49.263908202596845,-123.24374912546371,58.90000000000057
2025-01-12 09:00:59.000,49.26391170664939,-123.24375206555682,59.00000000000057
2025-01-12 09:00:59.100,49.26391521070193,-123.24375500564993,59.10000000000057
2025-01-12 09:00:59.200,49.263918714754475,-123.24375794574304,59.20000000000057
2025-01-12 09:00:59.300,49.26392221880701,-123.24376088583615,59.30000000000057
2025-01-12 09:00:59.400,49.263925722859554,-123.24376382592926,59.400000000000574
2025-01-12 09:00:59.500,49.2639292269121,-123.24376676602238,59.500000000000576
2025-01-12 09:00:59.600,49.26393273096464,-123.24376970611547,59.60000000000058
2025-01-12 09:00:59.700,49.263936235017184,-123.24377264620858,59.70000000000058
2025-01-12 09:00:59.800,49.26393973906972,-123.2437755863017,59.80000000000058
2025-01-12 09:00:59.900,49.26394324312226,-123.2437785263948,59.90000000000058
2025-01-12 09:01:00.000,49.263946747174806,-123.24378146648792,60.00000000000058
