timestamp,lat,lon,elapsed_seconds,manual_timediff
2025-01-12 09:00:00,49.25809218714809,-123.24353651684615,0,0
2025-01-12 09:00:01,49.258089684276605,-123.24352903812753,1,1
2025-01-12 09:00:02,49.25808718140513,-123.24352155940892,2,2
2025-01-12 09:00:03,49.25808467853365,-123.2435140806903,3,3
2025-01-12 09:00:04,49.25808217566217,-123.24350660197169,4,4
2025-01-12 09:00:05,49.25807967279069,-123.24349912325307,5,5
2025-01-12 09:00:06,49.25807716991921,-123.24349164453446,6,6
2025-01-12 09:00:07,49.25807466704773,-123.24348416581586,7,7
2025-01-12 09:00:08,49.258072164176255,-123.24347668709724,8,8
2025-01-12 09:00:09,49.25806966130477,-123.24346920837863,9,9
2025-01-12 09:00:10,49.25806715843329,-123.24346172966001,10,10
2025-01-12 09:00:11,49.25806465556182,-123.2434542509414,11,11
2025-01-12 09:00:12,49.258062152690336,-123.24344677222278,12,12
2025-01-12 09:00:13,49.258059649818854,-123.24343929350417,13,13
2025-01-12 09:00:14,49.25805714694738,-123.24343181478555,14,14
2025-01-12 09:00:15,49.2580546440759,-123.24342433606694,15,15
2025-01-12 09:00:16,49.258052141204416,-123.24341685734832,16,16
2025-01-12 09:00:17,49.25804963833294,-123.2434093786297,17,17
2025-01-12 09:00:18,49.25804713546146,-123.24340189991109,18,18
2025-01-12 09:00:19,49.25804463258998,-123.24339442119249,19,19
2025-01-12 09:00:20,49.258042129718504,-123.24338694247388,20,20
2025-01-12 09:00:21,49.25803962684702,-123.24337946375526,21,21
2025-01-12 09:00:22,49.25803712397554,-123.24337198503665,22,22
2025-01-12 09:00:23,49.258034621104066,-123.24336450631803,23,23
2025-01-12 09:00:24,49.258032118232585,-123.24335702759942,24,24
2025-01-12 09:00:25,49.2580296153611,-123.2433495488808,25,25
2025-01-12 09:00:26,49.25802711248963,-123.24334207016219,26,26
2025-01-12 09:00:27,49.25802460961815,-123.24333459144357,27,27
2025-01-12 09:00:28,49.258022106746665,-123.24332711272496,28,28
2025-01-12 09:00:29,49.25801960387519,-123.24331963400634,29,29
2025-01-12 09:00:30,49.25801710100371,-123.24331215528773,30,30
2025-01-12 09:00:31,49.25801459813223,-123.24330467656911,31,31
2025-01-12 09:00:32,49.25801209526075,-123.24329719785051,32,32
2025-01-12 09:00:33,49.25800959238927,-123.2432897191319,33,33
2025-01-12 09:00:34,49.25800708951779,-123.24328224041328,34,34
2025-01-12 09:00:35,49.258004586646315,-123.24327476169466,35,35
2025-01-12 09:00:36,49.258002083774834,-123.24326728297605,36,36
2025-01-12 09:00:37,49.25799958090335,-123.24325980425743,37,37
2025-01-12 09:00:38,49.25799707803188,-123.24325232553882,38,38
2025-01-12 09:00:39,49.257994575160396,-123.2432448468202,39,39
2025-01-12 09:00:40,49.257992072288914,-123.24323736810159,40,40
2025-01-12 09:00:41,49.25798956941744,-123.24322988938297,41,41
2025-01-12 09:00:42,49.25798706654596,-123.24322241066436,42,42
2025-01-12 09:00:43,49.257984563674476,-123.24321493194574,43,43
2025-01-12 09:00:44,49.257982060803,-123.24320745322714,44,44
2025-01-12 09:00:45,49.25797955793152,-123.24319997450853,45,45
2025-01-12 09:00:46,49.25797705506004,-123.24319249578991,46,46
2025-01-12 09:00:47,49.257974552188564,-123.2431850170713,47,47
2025-01-12 09:00:48,49.25797204931708,-123.24317753835268,48,48
2025-01-12 09:00:49,49.2579695464456,-123.24317005963407,49,49
2025-01-12 09:00:50,49.257967043574126,-123.24316258091545,50,50
2025-01-12 09:00:51,49.257964540702645,-123.24315510219684,51,51
2025-01-12 09:00:52,49.25796203783116,-123.24314762347822,52,52
2025-01-12 09:00:53,49.25795953495969,-123.24314014475961,53,53
2025-01-12 09:00:54,49.25795703208821,-123.24313266604099,54,54
2025-01-12 09:00:55,49.257954529216725,-123.24312518732238,55,55
2025-01-12 09:00:56,49.25795202634525,-123.24311770860376,56,56
2025-01-12 09:00:57,49.25794952347377,-123.24311022988516,57,57
2025-01-12 09:00:58,49.25794702060229,-123.24310275116655,58,58
2025-01-12 09:00:59,49.25794451773081,-123.24309527244793,59,59
2025-01-12 09:01:00,49.25794201485933,-123.24308779372932,60,60
2025-01-12 09:01:01,49.25793951198785,-123.2430803150107,61,61
2025-01-12 09:01:02,49.257937009116375,-123.24307283629209,62,62
2025-01-12 09:01:03,49.257934506244894,-123.24306535757347,63,63
2025-01-12 09:01:04,49.25793200337341,-123.24305787885486,64,64
2025-01-12 09:01:05,49.25792950050194,-123.24305040013624,65,65
2025-01-12 09:01:06,49.257926997630456,-123.24304292141763,66,66
2025-01-12 09:01:07,49.257924494758974,-123.24303544269901,67,67
2025-01-12 09:01:08,49.2579219918875,-123.2430279639804,68,68
2025-01-12 09:01:09,49.25791948901602,-123.2430204852618,69,69
2025-01-12 09:01:10,49.25791698614454,-123.24301300654318,70,70
2025-01-12 09:01:11,49.25791448327306,-123.24300552782456,71,71
2025-01-12 09:01:12,49.25791198040158,-123.24299804910595,72,72
2025-01-12 09:01:13,49.2579094775301,-123.24299057038733,73,73
2025-01-12 09:01:14,49.257906974658624,-123.24298309166872,74,74
2025-01-12 09:01:15,49.25790447178714,-123.2429756129501,75,75
2025-01-12 09:01:16,49.25790196891566,-123.24296813423149,76,76
2025-01-12 09:01:17,49.25789946604419,-123.24296065551287,77,77
2025-01-12 09:01:18,49.257896963172705,-123.24295317679426,78,78
2025-01-12 09:01:19,49.25789446030122,-123.24294569807564,79,79
2025-01-12 09:01:20,49.25789195742975,-123.24293821935703,80,80
2025-01-12 09:01:21,49.25788945455827,-123.24293074063841,81,81
2025-01-12 09:01:22,49.257886951686785,-123.24292326191981,82,82
2025-01-12 09:01:23,49.25788444881531,-123.2429157832012,83,83
2025-01-12 09:01:24,49.25788194594383,-123.24290830448258,84,84
2025-01-12 09:01:25,49.25787944307235,-123.24290082576397,85,85
2025-01-12 09:01:26,49.25787694020087,-123.24289334704535,86,86
2025-01-12 09:01:27,49.25787443732939,-123.24288586832674,87,87
2025-01-12 09:01:28,49.25787193445791,-123.24287838960812,88,88
2025-01-12 09:01:29,49.257869431586435,-123.24287091088951,89,89
2025-01-12 09:01:30,49.257866928714954,-123.24286343217089,90,90
2025-01-12 09:01:31,49.25786442584347,-123.24285595345228,91,91
2025-01-12 09:01:32,49.257861922972,-123.24284847473366,92,92
2025-01-12 09:01:33,49.257859420100516,-123.24284099601505,93,93
2025-01-12 09:01:34,49.257856917229034,-123.24283351729645,94,94
2025-01-12 09:01:35,49.25785441435756,-123.24282603857783,95,95
2025-01-12 09:01:36,49.25785191148608,-123.24281855985922,96,96
2025-01-12 09:01:37,49.2578494086146,-123.2428110811406,97,97
2025-01-12 09:01:38,49.25784690574312,-123.24280360242199,98,98
2025-01-12 09:01:39,49.25784440287164,-123.24279612370337,99,99
2025-01-12 09:01:40,49.25784190000016,-123.24278864498476,100,100
2025-01-12 09:01:41,49.257839397128684,-123.24278116626614,101,101
2025-01-12 09:01:42,49.2578368942572,-123.24277368754753,102,102
2025-01-12 09:01:43,49.25783439138572,-123.24276620882891,103,103
2025-01-12 09:01:44,49.25783188851425,-123.2427587301103,104,104
2025-01-12 09:01:45,49.257829385642765,-123.24275125139168,105,105
2025-01-12 09:01:46,49.25782688277128,-123.24274377267307,106,106
2025-01-12 09:01:47,49.25782437989981,-123.24273629395447,107,107
2025-01-12 09:01:48,49.25782187702833,-123.24272881523585,108,108
2025-01-12 09:01:49,49.257819374156846,-123.24272133651723,109,109
2025-01-12 09:01:50,49.25781687128537,-123.24271385779862,110,110
2025-01-12 09:01:51,49.25781436841389,-123.24270637908,111,111
2025-01-12 09:01:52,49.25781186554241,-123.24269890036139,112,112
2025-01-12 09:01:53,49.25780936267093,-123.24269142164277,113,113
2025-01-12 09:01:54,49.25780685979945,-123.24268394292416,114,114
2025-01-12 09:01:55,49.25780435692797,-123.24267646420554,115,115
2025-01-12 09:01:56,49.257801854056495,-123.24266898548693,116,116
2025-01-12 09:01:57,49.257799351185014,-123.24266150676831,117,117
2025-01-12 09:01:58,49.25779684831353,-123.2426540280497,118,118
2025-01-12 09:01:59,49.25779434544206,-123.2426465493311,119,119
2025-01-12 09:02:00,49.257791842570576,-123.24263907061248,120,120
2025-01-12 09:02:01,49.257789339699094,-123.24263159189387,121,121
2025-01-12 09:02:02,49.25778683682762,-123.24262411317525,122,122
2025-01-12 09:02:03,49.25778433395614,-123.24261663445664,123,123
2025-01-12 09:02:04,49.25778183108466,-123.24260915573802,124,124
2025-01-12 09:02:05,49.25777932821318,-123.24260167701941,125,125
2025-01-12 09:02:06,49.2577768253417,-123.2425941983008,126,126
2025-01-12 09:02:07,49.25777432247022,-123.24258671958218,127,127
2025-01-12 09:02:08,49.257771819598744,-123.24257924086356,128,128
2025-01-12 09:02:09,49.25776931672726,-123.24257176214495,129,129
2025-01-12 09:02:10,49.25776681385578,-123.24256428342633,130,130
2025-01-12 09:02:11,49.25776431098431,-123.24255680470772,131,131
2025-01-12 09:02:12,49.257761808112825,-123.24254932598912,132,132
2025-01-12 09:02:13,49.25775930524134,-123.2425418472705,133,133
2025-01-12 09:02:14,49.25775680236987,-123.24253436855189,134,134
2025-01-12 09:02:15,49.25775429949839,-123.24252688983327,135,135
2025-01-12 09:02:16,49.257751796626906,-123.24251941111466,136,136
2025-01-12 09:02:17,49.25774929375543,-123.24251193239604,137,137
2025-01-12 09:02:18,49.25774679088395,-123.24250445367743,138,138
2025-01-12 09:02:19,49.25774428801247,-123.24249697495881,139,139
2025-01-12 09:02:20,49.25774178514099,-123.2424894962402,140,140
2025-01-12 09:02:21,49.25773928226951,-123.24248201752158,141,141
2025-01-12 09:02:22,49.25773677939803,-123.24247453880297,142,142
2025-01-12 09:02:23,49.257734276526556,-123.24246706008435,143,143
2025-01-12 09:02:24,49.257731773655074,-123.24245958136575,144,144
2025-01-12 09:02:25,49.25772927078359,-123.24245210264714,145,145
2025-01-12 09:02:26,49.25772676791212,-123.24244462392852,146,146
2025-01-12 09:02:27,49.257724265040636,-123.2424371452099,147,147
2025-01-12 09:02:28,49.257721762169155,-123.24242966649129,148,148
2025-01-12 09:02:29,49.25771925929768,-123.24242218777268,149,149
2025-01-12 09:02:30,49.2577167564262,-123.24241470905406,150,150
2025-01-12 09:02:31,49.257714253554724,-123.24240723033544,151,151
2025-01-12 09:02:32,49.25771175068324,-123.24239975161683,152,152
2025-01-12 09:02:33,49.25770924781176,-123.24239227289821,153,153
2025-01-12 09:02:34,49.257706744940286,-123.2423847941796,154,154
2025-01-12 09:02:35,49.257704242068804,-123.24237731546098,155,155
2025-01-12 09:02:36,49.25770173919732,-123.24236983674237,156,156
2025-01-12 09:02:37,49.25769923632585,-123.24236235802377,157,157
2025-01-12 09:02:38,49.25769673345437,-123.24235487930515,158,158
2025-01-12 09:02:39,49.257694230582885,-123.24234740058654,159,159
2025-01-12 09:02:40,49.25769172771141,-123.24233992186792,160,160
2025-01-12 09:02:41,49.25768922483993,-123.24233244314931,161,161
2025-01-12 09:02:42,49.25768672196845,-123.2423249644307,162,162
2025-01-12 09:02:43,49.25768421909697,-123.24231748571208,163,163
2025-01-12 09:02:44,49.25768171622549,-123.24231000699346,164,164
2025-01-12 09:02:45,49.25767921335401,-123.24230252827485,165,165
2025-01-12 09:02:46,49.257676710482535,-123.24229504955623,166,166
2025-01-12 09:02:47,49.25767420761105,-123.24228757083762,167,167
2025-01-12 09:02:48,49.25767170473957,-123.242280092119,168,168
2025-01-12 09:02:49,49.2576692018681,-123.2422726134004,169,169
2025-01-12 09:02:50,49.257666698996616,-123.24226513468179,170,170
2025-01-12 09:02:51,49.257664196125134,-123.24225765596317,171,171
2025-01-12 09:02:52,49.25766169325366,-123.24225017724456,172,172
2025-01-12 09:02:53,49.25765919038218,-123.24224269852594,173,173
2025-01-12 09:02:54,49.257656687510696,-123.24223521980733,174,174
2025-01-12 09:02:55,49.25765418463922,-123.24222774108871,175,175
2025-01-12 09:02:56,49.25765168176774,-123.2422202623701,176,176
2025-01-12 09:02:57,49.25764917889626,-123.24221278365148,177,177
2025-01-12 09:02:58,49.257646676024784,-123.24220530493287,178,178
2025-01-12 09:02:59,49.2576441731533,-123.24219782621425,179,179
2025-01-12 09:03:00,49.25764167028182,-123.24219034749564,180,180
2025-01-12 09:03:01,49.257639167410346,-123.24218286877702,181,181
2025-01-12 09:03:02,49.257636664538865,-123.24217539005842,182,182
2025-01-12 09:03:03,49.25763416166738,-123.2421679113398,183,183
2025-01-12 09:03:04,49.25763165879591,-123.24216043262119,184,184
2025-01-12 09:03:05,49.25762915592443,-123.24215295390258,185,185
2025-01-12 09:03:06,49.257626653052945,-123.24214547518396,186,186
2025-01-12 09:03:07,49.25762415018147,-123.24213799646535,187,187
2025-01-12 09:03:08,49.25762164730999,-123.24213051774673,188,188
2025-01-12 09:03:09,49.25761914443851,-123.24212303902812,189,189
2025-01-12 09:03:10,49.25761664156703,-123.2421155603095,190,190
2025-01-12 09:03:11,49.25761413869555,-123.24210808159089,191,191
2025-01-12 09:03:12,49.25761163582407,-123.24210060287227,192,192
2025-01-12 09:03:13,49.257609132952595,-123.24209312415366,193,193
2025-01-12 09:03:14,49.25760663008111,-123.24208564543505,194,194
2025-01-12 09:03:15,49.25760412720963,-123.24207816671644,195,195
2025-01-12 09:03:16,49.25760162433816,-123.24207068799782,196,196
2025-01-12 09:03:17,49.257599121466676,-123.24206320927921,197,197
2025-01-12 09:03:18,49.257596618595194,-123.2420557305606,198,198
2025-01-12 09:03:19,49.25759411572372,-123.24204825184198,199,199
2025-01-12 09:03:20,49.25759161285224,-123.24204077312336,200,200
2025-01-12 09:03:21,49.257589109980756,-123.24203329440475,201,201
2025-01-12 09:03:22,49.25758660710928,-123.24202581568613,202,202
2025-01-12 09:03:23,49.2575841042378,-123.24201833696752,203,203
2025-01-12 09:03:24,49.25758160136632,-123.2420108582489,204,204
2025-01-12 09:03:25,49.257579098494844,-123.24200337953029,205,205
2025-01-12 09:03:26,49.25757659562336,-123.24199590081167,206,206
2025-01-12 09:03:27,49.25757409275188,-123.24198842209307,207,207
2025-01-12 09:03:28,49.257571589880406,-123.24198094337446,208,208
2025-01-12 09:03:29,49.257569087008925,-123.24197346465584,209,209
2025-01-12 09:03:30,49.25756658413744,-123.24196598593723,210,210
2025-01-12 09:03:31,49.25756408126597,-123.24195850721861,211,211
2025-01-12 09:03:32,49.25756157839449,-123.2419510285,212,212
2025-01-12 09:03:33,49.257559075523005,-123.24194354978138,213,213
2025-01-12 09:03:34,49.25755657265153,-123.24193607106277,214,214
2025-01-12 09:03:35,49.25755406978005,-123.24192859234415,215,215
2025-01-12 09:03:36,49.25755156690857,-123.24192111362554,216,216
2025-01-12 09:03:37,49.25754906403709,-123.24191363490692,217,217
2025-01-12 09:03:38,49.25754656116561,-123.2419061561883,218,218
2025-01-12 09:03:39,49.25754405829413,-123.2418986774697,219,219
2025-01-12 09:03:40,49.257541555422655,-123.24189119875109,220,220
2025-01-12 09:03:41,49.257539052551174,-123.24188372003248,221,221
2025-01-12 09:03:42,49.25753654967969,-123.24187624131386,222,222
2025-01-12 09:03:43,49.25753404680822,-123.24186876259525,223,223
2025-01-12 09:03:44,49.257531543936736,-123.24186128387663,224,224
2025-01-12 09:03:45,49.257529041065254,-123.24185380515802,225,225
2025-01-12 09:03:46,49.25752653819378,-123.2418463264394,226,226
2025-01-12 09:03:47,49.2575240353223,-123.24183884772079,227,227
2025-01-12 09:03:48,49.257521532450816,-123.24183136900217,228,228
2025-01-12 09:03:49,49.25751902957934,-123.24182389028356,229,229
2025-01-12 09:03:50,49.25751652670786,-123.24181641156494,230,230
2025-01-12 09:03:51,49.25751402383638,-123.24180893284633,231,231
2025-01-12 09:03:52,49.257511520964904,-123.24180145412772,232,232
2025-01-12 09:03:53,49.25750901809342,-123.24179397540911,233,233
2025-01-12 09:03:54,49.25750651522194,-123.2417864966905,234,234
2025-01-12 09:03:55,49.257504012350466,-123.24177901797188,235,235
2025-01-12 09:03:56,49.257501509478985,-123.24177153925326,236,236
2025-01-12 09:03:57,49.2574990066075,-123.24176406053465,237,237
2025-01-12 09:03:58,49.25749650373603,-123.24175658181603,238,238
2025-01-12 09:03:59,49.25749400086455,-123.24174910309742,239,239
2025-01-12 09:04:00,49.257491497993065,-123.2417416243788,240,240
2025-01-12 09:04:01,49.25748899512159,-123.24173414566019,241,241
2025-01-12 09:04:02,49.25748649225011,-123.24172666694157,242,242
2025-01-12 09:04:03,49.25748398937863,-123.24171918822296,243,243
2025-01-12 09:04:04,49.25748148650715,-123.24171170950436,244,244
2025-01-12 09:04:05,49.25747898363567,-123.24170423078574,245,245
2025-01-12 09:04:06,49.25747648076419,-123.24169675206713,246,246
2025-01-12 09:04:07,49.257473977892715,-123.24168927334851,247,247
2025-01-12 09:04:08,49.257471475021234,-123.2416817946299,248,248
2025-01-12 09:04:09,49.25746897214975,-123.24167431591128,249,249
2025-01-12 09:04:10,49.25746646927828,-123.24166683719267,250,250
2025-01-12 09:04:11,49.257463966406796,-123.24165935847405,251,251
2025-01-12 09:04:12,49.257461463535314,-123.24165187975544,252,252
2025-01-12 09:04:13,49.25745896066384,-123.24164440103682,253,253
2025-01-12 09:04:14,49.25745645779236,-123.24163692231821,254,254
2025-01-12 09:04:15,49.25745395492088,-123.24162944359959,255,255
2025-01-12 09:04:16,49.2574514520494,-123.24162196488098,256,256
2025-01-12 09:04:17,49.25744894917792,-123.24161448616238,257,257
2025-01-12 09:04:18,49.25744644630644,-123.24160700744376,258,258
2025-01-12 09:04:19,49.257443943434964,-123.24159952872515,259,259
2025-01-12 09:04:20,49.25744144056348,-123.24159205000653,260,260
2025-01-12 09:04:21,49.257438937692,-123.24158457128792,261,261
2025-01-12 09:04:22,49.25743643482053,-123.2415770925693,262,262
2025-01-12 09:04:23,49.257433931949045,-123.24156961385069,263,263
2025-01-12 09:04:24,49.25743142907756,-123.24156213513207,264,264
2025-01-12 09:04:25,49.25742892620609,-123.24155465641346,265,265
2025-01-12 09:04:26,49.25742642333461,-123.24154717769484,266,266
2025-01-12 09:04:27,49.257423920463125,-123.24153969897623,267,267
2025-01-12 09:04:28,49.25742141759165,-123.24153222025761,268,268
2025-01-12 09:04:29,49.25741891472017,-123.24152474153901,269,269
2025-01-12 09:04:30,49.25741641184869,-123.2415172628204,270,270
2025-01-12 09:04:31,49.25741390897721,-123.24150978410178,271,271
2025-01-12 09:04:32,49.25741140610573,-123.24150230538316,272,272
2025-01-12 09:04:33,49.25740890323425,-123.24149482666455,273,273
2025-01-12 09:04:34,49.257406400362775,-123.24148734794593,274,274
2025-01-12 09:04:35,49.257403897491294,-123.24147986922732,275,275
2025-01-12 09:04:36,49.25740139461981,-123.2414723905087,276,276
2025-01-12 09:04:37,49.25739889174834,-123.24146491179009,277,277
2025-01-12 09:04:38,49.257396388876856,-123.24145743307147,278,278
2025-01-12 09:04:39,49.257393886005374,-123.24144995435286,279,279
2025-01-12 09:04:40,49.2573913831339,-123.24144247563424,280,280
2025-01-12 09:04:41,49.25738888026242,-123.24143499691563,281,281
2025-01-12 09:04:42,49.25738637739094,-123.24142751819703,282,282
2025-01-12 09:04:43,49.25738387451946,-123.24142003947841,283,283
2025-01-12 09:04:44,49.25738137164798,-123.2414125607598,284,284
2025-01-12 09:04:45,49.2573788687765,-123.24140508204118,285,285
2025-01-12 09:04:46,49.257376365905024,-123.24139760332257,286,286
2025-01-12 09:04:47,49.25737386303354,-123.24139012460395,287,287
2025-01-12 09:04:48,49.25737136016206,-123.24138264588534,288,288
2025-01-12 09:04:49,49.25736885729059,-123.24137516716672,289,289
2025-01-12 09:04:50,49.257366354419105,-123.24136768844811,290,290
2025-01-12 09:04:51,49.25736385154762,-123.24136020972949,291,291
2025-01-12 09:04:52,49.25736134867615,-123.24135273101088,292,292
2025-01-12 09:04:53,49.25735884580467,-123.24134525229226,293,293
2025-01-12 09:04:54,49.257356342933186,-123.24133777357366,294,294
2025-01-12 09:04:55,49.25735384006171,-123.24133029485505,295,295
2025-01-12 09:04:56,49.25735133719023,-123.24132281613643,296,296
2025-01-12 09:04:57,49.25734883431875,-123.24131533741782,297,297
2025-01-12 09:04:58,49.25734633144727,-123.2413078586992,298,298
2025-01-12 09:04:59,49.25734382857579,-123.24130037998059,299,299
2025-01-12 09:05:00,49.25734132570431,-123.24129290126197,300,300
2025-01-12 09:05:01,49.257338822832835,-123.24128542254336,301,301
2025-01-12 09:05:02,49.257336319961354,-123.24127794382474,302,302
2025-01-12 09:05:03,49.25733381708987,-123.24127046510613,303,303
2025-01-12 09:05:04,49.2573313142184,-123.24126298638751,304,304
2025-01-12 09:05:05,49.257328811346916,-123.2412555076689,305,305
2025-01-12 09:05:06,49.257326308475434,-123.24124802895028,306,306
2025-01-12 09:05:07,49.25732380560396,-123.24124055023168,307,307
2025-01-12 09:05:08,49.25732130273248,-123.24123307151307,308,308
2025-01-12 09:05:09,49.257318799861,-123.24122559279445,309,309
2025-01-12 09:05:10,49.25731629698952,-123.24121811407583,310,310
2025-01-12 09:05:11,49.25731379411804,-123.24121063535722,311,311
2025-01-12 09:05:12,49.25731129124656,-123.2412031566386,312,312
2025-01-12 09:05:13,49.257308788375084,-123.24119567791999,313,313
2025-01-12 09:05:14,49.2573062855036,-123.24118819920137,314,314
2025-01-12 09:05:15,49.25730378263212,-123.24118072048276,315,315
2025-01-12 09:05:16,49.25730127976065,-123.24117324176414,316,316
2025-01-12 09:05:17,49.257298776889165,-123.24116576304553,317,317
2025-01-12 09:05:18,49.25729627401768,-123.24115828432691,318,318
2025-01-12 09:05:19,49.25729377114621,-123.24115080560831,319,319
2025-01-12 09:05:20,49.25729126827473,-123.2411433268897,320,320
2025-01-12 09:05:21,49.257288765403246,-123.24113584817108,321,321
2025-01-12 09:05:22,49.25728626253177,-123.24112836945247,322,322
2025-01-12 09:05:23,49.25728375966029,-123.24112089073385,323,323
2025-01-12 09:05:24,49.25728125678881,-123.24111341201524,324,324
2025-01-12 09:05:25,49.25727875391733,-123.24110593329662,325,325
2025-01-12 09:05:26,49.25727625104585,-123.24109845457801,326,326
2025-01-12 09:05:27,49.25727374817437,-123.2410909758594,327,327
2025-01-12 09:05:28,49.257271245302896,-123.24108349714078,328,328
2025-01-12 09:05:29,49.257268742431414,-123.24107601842216,329,329
2025-01-12 09:05:30,49.25726623955993,-123.24106853970355,330,330
2025-01-12 09:05:31,49.25726373668846,-123.24106106098493,331,331
2025-01-12 09:05:32,49.257261233816976,-123.24105358226633,332,332
2025-01-12 09:05:33,49.257258730945495,-123.24104610354772,333,333
2025-01-12 09:05:34,49.25725622807402,-123.2410386248291,334,334
2025-01-12 09:05:35,49.25725372520254,-123.24103114611049,335,335
2025-01-12 09:05:36,49.25725122233106,-123.24102366739187,336,336
2025-01-12 09:05:37,49.25724871945958,-123.24101618867326,337,337
2025-01-12 09:05:38,49.2572462165881,-123.24100870995464,338,338
2025-01-12 09:05:39,49.25724371371662,-123.24100123123603,339,339
2025-01-12 09:05:40,49.257241210845145,-123.24099375251741,340,340
2025-01-12 09:05:41,49.25723870797366,-123.2409862737988,341,341
2025-01-12 09:05:42,49.25723620510218,-123.24097879508018,342,342
2025-01-12 09:05:43,49.25723370223071,-123.24097131636157,343,343
2025-01-12 09:05:44,49.257231199359225,-123.24096383764297,344,344
2025-01-12 09:05:45,49.25722869648774,-123.24095635892435,345,345
2025-01-12 09:05:46,49.25722619361627,-123.24094888020574,346,346
2025-01-12 09:05:47,49.25722369074479,-123.24094140148712,347,347
2025-01-12 09:05:48,49.257221187873306,-123.2409339227685,348,348
2025-01-12 09:05:49,49.25721868500183,-123.24092644404989,349,349
2025-01-12 09:05:50,49.25721618213035,-123.24091896533128,350,350
2025-01-12 09:05:51,49.25721367925887,-123.24091148661266,351,351
2025-01-12 09:05:52,49.25721117638739,-123.24090400789404,352,352
2025-01-12 09:05:53,49.25720867351591,-123.24089652917543,353,353
2025-01-12 09:05:54,49.25720617064443,-123.24088905045681,354,354
2025-01-12 09:05:55,49.257203667772956,-123.2408815717382,355,355
2025-01-12 09:05:56,49.257201164901474,-123.24087409301958,356,356
2025-01-12 09:05:57,49.25719866202999,-123.24086661430098,357,357
2025-01-12 09:05:58,49.25719615915852,-123.24085913558237,358,358
2025-01-12 09:05:59,49.257193656287036,-123.24085165686375,359,359
2025-01-12 09:06:00,49.257191153415555,-123.24084417814514,360,360
2025-01-12 09:06:01,49.25718865054408,-123.24083669942652,361,361
2025-01-12 09:06:02,49.2571861476726,-123.24082922070791,362,362
2025-01-12 09:06:03,49.25718364480112,-123.2408217419893,363,363
2025-01-12 09:06:04,49.25718114192964,-123.24081426327068,364,364
2025-01-12 09:06:05,49.25717863905816,-123.24080678455206,365,365
2025-01-12 09:06:06,49.25717613618668,-123.24079930583345,366,366
2025-01-12 09:06:07,49.257173633315205,-123.24079182711483,367,367
2025-01-12 09:06:08,49.25717113044372,-123.24078434839622,368,368
2025-01-12 09:06:09,49.25716862757224,-123.24077686967762,369,369
2025-01-12 09:06:10,49.25716612470077,-123.240769390959,370,370
2025-01-12 09:06:11,49.257163621829285,-123.24076191224039,371,371
2025-01-12 09:06:12,49.257161118957804,-123.24075443352177,372,372
2025-01-12 09:06:13,49.25715861608633,-123.24074695480316,373,373
2025-01-12 09:06:14,49.25715611321485,-123.24073947608454,374,374
2025-01-12 09:06:15,49.257153610343366,-123.24073199736593,375,375
2025-01-12 09:06:16,49.25715110747189,-123.24072451864731,376,376
2025-01-12 09:06:17,49.25714860460041,-123.2407170399287,377,377
2025-01-12 09:06:18,49.25714610172893,-123.24070956121008,378,378
2025-01-12 09:06:19,49.25714359885745,-123.24070208249147,379,379
2025-01-12 09:06:20,49.25714109598597,-123.24069460377285,380,380
2025-01-12 09:06:21,49.25713859311449,-123.24068712505424,381,381
2025-01-12 09:06:22,49.257136090243016,-123.24067964633564,382,382
2025-01-12 09:06:23,49.257133587371534,-123.24067216761702,383,383
2025-01-12 09:06:24,49.25713108450005,-123.2406646888984,384,384
2025-01-12 09:06:25,49.25712858162858,-123.24065721017979,385,385
2025-01-12 09:06:26,49.257126078757096,-123.24064973146118,386,386
2025-01-12 09:06:27,49.257123575885615,-123.24064225274256,387,387
2025-01-12 09:06:28,49.25712107301414,-123.24063477402395,388,388
2025-01-12 09:06:29,49.25711857014266,-123.24062729530533,389,389
2025-01-12 09:06:30,49.25711606727118,-123.24061981658672,390,390
2025-01-12 09:06:31,49.2571135643997,-123.2406123378681,391,391
2025-01-12 09:06:32,49.25711106152822,-123.24060485914949,392,392
2025-01-12 09:06:33,49.25710855865674,-123.24059738043087,393,393
2025-01-12 09:06:34,49.257106055785265,-123.24058990171227,394,394
2025-01-12 09:06:35,49.25710355291378,-123.24058242299365,395,395
2025-01-12 09:06:36,49.2571010500423,-123.24057494427504,396,396
2025-01-12 09:06:37,49.25709854717083,-123.24056746555642,397,397
2025-01-12 09:06:38,49.257096044299345,-123.24055998683781,398,398
2025-01-12 09:06:39,49.257093541427864,-123.2405525081192,399,399
2025-01-12 09:06:40,49.25709103855639,-123.24054502940058,400,400
2025-01-12 09:06:41,49.25708853568491,-123.24053755068196,401,401
2025-01-12 09:06:42,49.257086032813426,-123.24053007196335,402,402
2025-01-12 09:06:43,49.25708352994195,-123.24052259324473,403,403
2025-01-12 09:06:44,49.25708102707047,-123.24051511452612,404,404
2025-01-12 09:06:45,49.25707852419899,-123.2405076358075,405,405
2025-01-12 09:06:46,49.257076021327514,-123.24050015708889,406,406
2025-01-12 09:06:47,49.25707351845603,-123.24049267837029,407,407
2025-01-12 09:06:48,49.25707101558455,-123.24048519965167,408,408
2025-01-12 09:06:49,49.257068512713076,-123.24047772093306,409,409
2025-01-12 09:06:50,49.257066009841594,-123.24047024221444,410,410
2025-01-12 09:06:51,49.25706350697011,-123.24046276349583,411,411
2025-01-12 09:06:52,49.25706100409864,-123.24045528477721,412,412
2025-01-12 09:06:53,49.25705850122716,-123.2404478060586,413,413
2025-01-12 09:06:54,49.257055998355675,-123.24044032733998,414,414
2025-01-12 09:06:55,49.2570534954842,-123.24043284862137,415,415
2025-01-12 09:06:56,49.25705099261272,-123.24042536990275,416,416
2025-01-12 09:06:57,49.25704848974124,-123.24041789118414,417,417
2025-01-12 09:06:58,49.25704598686976,-123.24041041246552,418,418
2025-01-12 09:06:59,49.25704348399828,-123.24040293374692,419,419
2025-01-12 09:07:00,49.2570409811268,-123.2403954550283,420,420
2025-01-12 09:07:01,49.257038478255325,-123.24038797630969,421,421
2025-01-12 09:07:02,49.25703597538384,-123.24038049759108,422,422
2025-01-12 09:07:03,49.25703347251236,-123.24037301887246,423,423
2025-01-12 09:07:04,49.25703096964089,-123.24036554015385,424,424
2025-01-12 09:07:05,49.257028466769405,-123.24035806143523,425,425
2025-01-12 09:07:06,49.257025963897924,-123.24035058271662,426,426
2025-01-12 09:07:07,49.25702346102645,-123.240343103998,427,427
2025-01-12 09:07:08,49.25702095815497,-123.24033562527939,428,428
2025-01-12 09:07:09,49.257018455283486,-123.24032814656077,429,429
2025-01-12 09:07:10,49.25701595241201,-123.24032066784216,430,430
2025-01-12 09:07:11,49.25701344954053,-123.24031318912354,431,431
2025-01-12 09:07:12,49.25701094666905,-123.24030571040494,432,432
2025-01-12 09:07:13,49.257008443797574,-123.24029823168632,433,433
2025-01-12 09:07:14,49.25700594092609,-123.24029075296771,434,434
2025-01-12 09:07:15,49.25700343805461,-123.2402832742491,435,435
2025-01-12 09:07:16,49.257000935183136,-123.24027579553048,436,436
2025-01-12 09:07:17,49.256998432311654,-123.24026831681186,437,437
2025-01-12 09:07:18,49.25699592944017,-123.24026083809325,438,438
2025-01-12 09:07:19,49.2569934265687,-123.24025335937463,439,439
2025-01-12 09:07:20,49.25699092369722,-123.24024588065602,440,440
2025-01-12 09:07:21,49.256988420825735,-123.2402384019374,441,441
2025-01-12 09:07:22,49.25698591795426,-123.24023092321879,442,442
2025-01-12 09:07:23,49.25698341508278,-123.24022344450017,443,443
2025-01-12 09:07:24,49.2569809122113,-123.24021596578157,444,444
2025-01-12 09:07:25,49.25697840933982,-123.24020848706296,445,445
2025-01-12 09:07:26,49.25697590646834,-123.24020100834434,446,446
2025-01-12 09:07:27,49.25697340359686,-123.24019352962573,447,447
2025-01-12 09:07:28,49.256970900725385,-123.24018605090711,448,448
2025-01-12 09:07:29,49.2569683978539,-123.2401785721885,449,449
2025-01-12 09:07:30,49.25696589498243,-123.24017109346988,450,450
2025-01-12 09:07:31,49.25696339211095,-123.24016361475127,451,451
2025-01-12 09:07:32,49.256960889239465,-123.24015613603265,452,452
2025-01-12 09:07:33,49.25695838636799,-123.24014865731404,453,453
2025-01-12 09:07:34,49.25695588349651,-123.24014117859542,454,454
2025-01-12 09:07:35,49.25695338062503,-123.24013369987681,455,455
2025-01-12 09:07:36,49.25695087775355,-123.24012622115819,456,456
2025-01-12 09:07:37,49.25694837488207,-123.24011874243959,457,457
2025-01-12 09:07:38,49.25694587201059,-123.24011126372098,458,458
2025-01-12 09:07:39,49.256943369139115,-123.24010378500236,459,459
2025-01-12 09:07:40,49.256940866267634,-123.24009630628375,460,460
2025-01-12 09:07:41,49.25693836339615,-123.24008882756513,461,461
2025-01-12 09:07:42,49.25693586052468,-123.24008134884652,462,462
2025-01-12 09:07:43,49.256933357653196,-123.2400738701279,463,463
2025-01-12 09:07:44,49.256930854781714,-123.24006639140929,464,464
2025-01-12 09:07:45,49.25692835191024,-123.24005891269067,465,465
2025-01-12 09:07:46,49.25692584903876,-123.24005143397206,466,466
2025-01-12 09:07:47,49.25692334616728,-123.24004395525344,467,467
2025-01-12 09:07:48,49.2569208432958,-123.24003647653483,468,468
2025-01-12 09:07:49,49.25691834042432,-123.24002899781622,469,469
2025-01-12 09:07:50,49.25691583755284,-123.24002151909761,470,470
2025-01-12 09:07:51,49.256913334681364,-123.240014040379,471,471
2025-01-12 09:07:52,49.25691083180988,-123.24000656166038,472,472
2025-01-12 09:07:53,49.2569083289384,-123.23999908294176,473,473
2025-01-12 09:07:54,49.25690582606693,-123.23999160422315,474,474
2025-01-12 09:07:55,49.256903323195445,-123.23998412550453,475,475
2025-01-12 09:07:56,49.25690082032396,-123.23997664678592,476,476
2025-01-12 09:07:57,49.25689831745249,-123.2399691680673,477,477
2025-01-12 09:07:58,49.25689581458101,-123.23996168934869,478,478
2025-01-12 09:07:59,49.256893311709526,-123.23995421063007,479,479
2025-01-12 09:08:00,49.25689080883805,-123.23994673191146,480,480
2025-01-12 09:08:01,49.25688830596657,-123.23993925319284,481,481
2025-01-12 09:08:02,49.25688580309509,-123.23993177447424,482,482
2025-01-12 09:08:03,49.25688330022361,-123.23992429575563,483,483
2025-01-12 09:08:04,49.25688079735213,-123.23991681703701,484,484
2025-01-12 09:08:05,49.25687829448065,-123.2399093383184,485,485
2025-01-12 09:08:06,49.256875791609176,-123.23990185959978,486,486
2025-01-12 09:08:07,49.256873288737694,-123.23989438088117,487,487
2025-01-12 09:08:08,49.25687078586621,-123.23988690216255,488,488
2025-01-12 09:08:09,49.25686828299474,-123.23987942344394,489,489
2025-01-12 09:08:10,49.256865780123256,-123.23987194472532,490,490
2025-01-12 09:08:11,49.256863277251774,-123.23986446600671,491,491
2025-01-12 09:08:12,49.2568607743803,-123.23985698728809,492,492
2025-01-12 09:08:13,49.25685827150882,-123.23984950856948,493,493
2025-01-12 09:08:14,49.25685576863734,-123.23984202985088,494,494
2025-01-12 09:08:15,49.25685326576586,-123.23983455113226,495,495
2025-01-12 09:08:16,49.25685076289438,-123.23982707241365,496,496
2025-01-12 09:08:17,49.2568482600229,-123.23981959369503,497,497
2025-01-12 09:08:18,49.256845757151424,-123.23981211497642,498,498
2025-01-12 09:08:19,49.25684325427994,-123.2398046362578,499,499
2025-01-12 09:08:20,49.25684075140846,-123.23979715753919,500,500
2025-01-12 09:08:21,49.25683824853699,-123.23978967882057,501,501
2025-01-12 09:08:22,49.256835745665505,-123.23978220010196,502,502
2025-01-12 09:08:23,49.25683324279402,-123.23977472138334,503,503
2025-01-12 09:08:24,49.25683073992255,-123.23976724266473,504,504
2025-01-12 09:08:25,49.25682823705107,-123.23975976394611,505,505
2025-01-12 09:08:26,49.256825734179586,-123.2397522852275,506,506
2025-01-12 09:08:27,49.25682323130811,-123.2397448065089,507,507
2025-01-12 09:08:28,49.25682072843663,-123.23973732779028,508,508
2025-01-12 09:08:29,49.25681822556515,-123.23972984907167,509,509
2025-01-12 09:08:30,49.25681572269367,-123.23972237035305,510,510
2025-01-12 09:08:31,49.25681321982219,-123.23971489163443,511,511
2025-01-12 09:08:32,49.25681071695071,-123.23970741291582,512,512
2025-01-12 09:08:33,49.256808214079236,-123.2396999341972,513,513
2025-01-12 09:08:34,49.256805711207754,-123.23969245547859,514,514
2025-01-12 09:08:35,49.25680320833627,-123.23968497675997,515,515
2025-01-12 09:08:36,49.2568007054648,-123.23967749804136,516,516
2025-01-12 09:08:37,49.256798202593316,-123.23967001932274,517,517
2025-01-12 09:08:38,49.256795699721835,-123.23966254060413,518,518
2025-01-12 09:08:39,49.25679319685036,-123.23965506188553,519,519
2025-01-12 09:08:40,49.25679069397888,-123.23964758316691,520,520
2025-01-12 09:08:41,49.2567881911074,-123.2396401044483,521,521
2025-01-12 09:08:42,49.25678568823592,-123.23963262572968,522,522
2025-01-12 09:08:43,49.25678318536444,-123.23962514701107,523,523
2025-01-12 09:08:44,49.25678068249296,-123.23961766829245,524,524
2025-01-12 09:08:45,49.256778179621485,-123.23961018957384,525,525
2025-01-12 09:08:46,49.25677567675,-123.23960271085522,526,526
2025-01-12 09:08:47,49.25677317387852,-123.23959523213661,527,527
2025-01-12 09:08:48,49.25677067100705,-123.239587753418,528,528
2025-01-12 09:08:49,49.256768168135565,-123.23958027469938,529,529
2025-01-12 09:08:50,49.25676566526408,-123.23957279598076,530,530
2025-01-12 09:08:51,49.25676316239261,-123.23956531726215,531,531
2025-01-12 09:08:52,49.25676065952113,-123.23955783854355,532,532
2025-01-12 09:08:53,49.256758156649646,-123.23955035982493,533,533
2025-01-12 09:08:54,49.25675565377817,-123.23954288110632,534,534
2025-01-12 09:08:55,49.25675315090669,-123.2395354023877,535,535
2025-01-12 09:08:56,49.25675064803521,-123.23952792366909,536,536
2025-01-12 09:08:57,49.25674814516373,-123.23952044495047,537,537
2025-01-12 09:08:58,49.25674564229225,-123.23951296623186,538,538
2025-01-12 09:08:59,49.25674313942077,-123.23950548751324,539,539
2025-01-12 09:09:00,49.256740636549296,-123.23949800879463,540,540
2025-01-12 09:09:01,49.256738133677814,-123.23949053007601,541,541
2025-01-12 09:09:02,49.25673563080633,-123.2394830513574,542,542
2025-01-12 09:09:03,49.25673312793486,-123.23947557263878,543,543
2025-01-12 09:09:04,49.256730625063376,-123.23946809392018,544,544
2025-01-12 09:09:05,49.256728122191895,-123.23946061520157,545,545
2025-01-12 09:09:06,49.25672561932042,-123.23945313648295,546,546
2025-01-12 09:09:07,49.25672311644894,-123.23944565776434,547,547
2025-01-12 09:09:08,49.25672061357746,-123.23943817904572,548,548
2025-01-12 09:09:09,49.25671811070598,-123.2394307003271,549,549
2025-01-12 09:09:10,49.2567156078345,-123.23942322160849,550,550
2025-01-12 09:09:11,49.25671310496302,-123.23941574288988,551,551
2025-01-12 09:09:12,49.256710602091545,-123.23940826417126,552,552
2025-01-12 09:09:13,49.25670809922006,-123.23940078545264,553,553
2025-01-12 09:09:14,49.25670559634858,-123.23939330673403,554,554
2025-01-12 09:09:15,49.25670309347711,-123.23938582801541,555,555
2025-01-12 09:09:16,49.256700590605625,-123.2393783492968,556,556
2025-01-12 09:09:17,49.256698087734144,-123.2393708705782,557,557
2025-01-12 09:09:18,49.25669558486267,-123.23936339185958,558,558
2025-01-12 09:09:19,49.25669308199119,-123.23935591314097,559,559
2025-01-12 09:09:20,49.256690579119706,-123.23934843442235,560,560
2025-01-12 09:09:21,49.25668807624823,-123.23934095570374,561,561
2025-01-12 09:09:22,49.25668557337675,-123.23933347698512,562,562
2025-01-12 09:09:23,49.25668307050527,-123.23932599826651,563,563
2025-01-12 09:09:24,49.25668056763379,-123.2393185195479,564,564
2025-01-12 09:09:25,49.25667806476231,-123.23931104082928,565,565
2025-01-12 09:09:26,49.25667556189083,-123.23930356211066,566,566
2025-01-12 09:09:27,49.256673059019356,-123.23929608339205,567,567
2025-01-12 09:09:28,49.256670556147874,-123.23928860467343,568,568
2025-01-12 09:09:29,49.25666805327639,-123.23928112595483,569,569
2025-01-12 09:09:30,49.25666555040492,-123.23927364723622,570,570
2025-01-12 09:09:31,49.256663047533436,-123.2392661685176,571,571
2025-01-12 09:09:32,49.256660544661955,-123.23925868979899,572,572
2025-01-12 09:09:33,49.25665804179048,-123.23925121108037,573,573
2025-01-12 09:09:34,49.256655538919,-123.23924373236176,574,574
2025-01-12 09:09:35,49.25665303604752,-123.23923625364314,575,575
2025-01-12 09:09:36,49.25665053317604,-123.23922877492453,576,576
2025-01-12 09:09:37,49.25664803030456,-123.23922129620591,577,577
2025-01-12 09:09:38,49.25664552743308,-123.2392138174873,578,578
2025-01-12 09:09:39,49.256643024561605,-123.23920633876868,579,579
2025-01-12 09:09:40,49.25664052169012,-123.23919886005007,580,580
2025-01-12 09:09:41,49.25663801881864,-123.23919138133145,581,581
2025-01-12 09:09:42,49.25663551594717,-123.23918390261285,582,582
2025-01-12 09:09:43,49.256633013075685,-123.23917642389424,583,583
2025-01-12 09:09:44,49.256630510204204,-123.23916894517562,584,584
2025-01-12 09:09:45,49.25662800733273,-123.239161466457,585,585
2025-01-12 09:09:46,49.25662550446125,-123.23915398773839,586,586
2025-01-12 09:09:47,49.256623001589766,-123.23914650901978,587,587
2025-01-12 09:09:48,49.25662049871829,-123.23913903030116,588,588
2025-01-12 09:09:49,49.25661799584681,-123.23913155158255,589,589
2025-01-12 09:09:50,49.25661549297533,-123.23912407286393,590,590
2025-01-12 09:09:51,49.256612990103854,-123.23911659414532,591,591
2025-01-12 09:09:52,49.25661048723237,-123.2391091154267,592,592
2025-01-12 09:09:53,49.25660798436089,-123.23910163670809,593,593
2025-01-12 09:09:54,49.256605481489416,-123.23909415798948,594,594
2025-01-12 09:09:55,49.256602978617934,-123.23908667927087,595,595
2025-01-12 09:09:56,49.25660047574645,-123.23907920055225,596,596
2025-01-12 09:09:57,49.25659797287498,-123.23907172183364,597,597
2025-01-12 09:09:58,49.2565954700035,-123.23906424311502,598,598
2025-01-12 09:09:59,49.256592967132015,-123.23905676439641,599,599
2025-01-12 09:10:00,49.25659046426054,-123.2390492856778,600,600
2025-01-12 09:10:01,49.25658796138906,-123.23904180695918,601,601
2025-01-12 09:10:02,49.25658545851758,-123.23903432824056,602,602
2025-01-12 09:10:03,49.2565829556461,-123.23902684952195,603,603
2025-01-12 09:10:04,49.25658045277462,-123.23901937080333,604,604
2025-01-12 09:10:05,49.25657794990314,-123.23901189208472,605,605
2025-01-12 09:10:06,49.256575447031665,-123.2390044133661,606,606
2025-01-12 09:10:07,49.25657294416018,-123.2389969346475,607,607
2025-01-12 09:10:08,49.2565704412887,-123.23898945592889,608,608
2025-01-12 09:10:09,49.25656793841723,-123.23898197721027,609,609
2025-01-12 09:10:10,49.256565435545745,-123.23897449849166,610,610
2025-01-12 09:10:11,49.256562932674264,-123.23896701977304,611,611
2025-01-12 09:10:12,49.25656042980279,-123.23895954105443,612,612
2025-01-12 09:10:13,49.25655792693131,-123.23895206233581,613,613
2025-01-12 09:10:14,49.256555424059826,-123.2389445836172,614,614
2025-01-12 09:10:15,49.25655292118835,-123.23893710489858,615,615
2025-01-12 09:10:16,49.25655041831687,-123.23892962617997,616,616
2025-01-12 09:10:17,49.25654791544539,-123.23892214746135,617,617
2025-01-12 09:10:18,49.256545412573914,-123.23891466874274,618,618
2025-01-12 09:10:19,49.25654290970243,-123.23890719002414,619,619
2025-01-12 09:10:20,49.25654040683095,-123.23889971130552,620,620
2025-01-12 09:10:21,49.256537903959476,-123.2388922325869,621,621
2025-01-12 09:10:22,49.256535401087994,-123.23888475386829,622,622
2025-01-12 09:10:23,49.25653289821651,-123.23887727514968,623,623
2025-01-12 09:10:24,49.25653039534504,-123.23886979643106,624,624
2025-01-12 09:10:25,49.25652789247356,-123.23886231771245,625,625
2025-01-12 09:10:26,49.256525389602075,-123.23885483899383,626,626
2025-01-12 09:10:27,49.2565228867306,-123.23884736027522,627,627
2025-01-12 09:10:28,49.25652038385912,-123.2388398815566,628,628
2025-01-12 09:10:29,49.25651788098764,-123.23883240283799,629,629
2025-01-12 09:10:30,49.25651537811616,-123.23882492411937,630,630
2025-01-12 09:10:31,49.25651287524468,-123.23881744540076,631,631
2025-01-12 09:10:32,49.2565103723732,-123.23880996668215,632,632
2025-01-12 09:10:33,49.256507869501725,-123.23880248796354,633,633
2025-01-12 09:10:34,49.25650536663024,-123.23879500924492,634,634
2025-01-12 09:10:35,49.25650286375876,-123.23878753052631,635,635
2025-01-12 09:10:36,49.25650036088729,-123.2387800518077,636,636
2025-01-12 09:10:37,49.256497858015805,-123.23877257308908,637,637
2025-01-12 09:10:38,49.256495355144324,-123.23876509437046,638,638
2025-01-12 09:10:39,49.25649285227285,-123.23875761565185,639,639
2025-01-12 09:10:40,49.25649034940137,-123.23875013693323,640,640
2025-01-12 09:10:41,49.256487846529886,-123.23874265821462,641,641
2025-01-12 09:10:42,49.25648534365841,-123.238735179496,642,642
2025-01-12 09:10:43,49.25648284078693,-123.23872770077739,643,643
2025-01-12 09:10:44,49.25648033791545,-123.23872022205879,644,644
2025-01-12 09:10:45,49.256477835043974,-123.23871274334017,645,645
2025-01-12 09:10:46,49.25647533217249,-123.23870526462156,646,646
2025-01-12 09:10:47,49.25647282930101,-123.23869778590294,647,647
2025-01-12 09:10:48,49.256470326429536,-123.23869030718433,648,648
2025-01-12 09:10:49,49.256467823558054,-123.23868282846571,649,649
2025-01-12 09:10:50,49.25646532068657,-123.2386753497471,650,650
2025-01-12 09:10:51,49.2564628178151,-123.23866787102848,651,651
2025-01-12 09:10:52,49.25646031494362,-123.23866039230987,652,652
2025-01-12 09:10:53,49.256457812072135,-123.23865291359125,653,653
2025-01-12 09:10:54,49.25645530920066,-123.23864543487264,654,654
2025-01-12 09:10:55,49.25645280632918,-123.23863795615402,655,655
2025-01-12 09:10:56,49.2564503034577,-123.23863047743541,656,656
2025-01-12 09:10:57,49.25644780058622,-123.2386229987168,657,657
2025-01-12 09:10:58,49.25644529771474,-123.23861551999819,658,658
2025-01-12 09:10:59,49.25644279484326,-123.23860804127958,659,659
2025-01-12 09:11:00,49.256440291971785,-123.23860056256096,660,660
2025-01-12 09:11:01,49.2564377891003,-123.23859308384235,661,661
2025-01-12 09:11:02,49.25643528622882,-123.23858560512373,662,662
2025-01-12 09:11:03,49.25643278335735,-123.23857812640512,663,663
2025-01-12 09:11:04,49.256430280485866,-123.2385706476865,664,664
2025-01-12 09:11:05,49.256427777614384,-123.23856316896789,665,665
2025-01-12 09:11:06,49.25642527474291,-123.23855569024927,666,666
2025-01-12 09:11:07,49.25642277187143,-123.23854821153066,667,667
2025-01-12 09:11:08,49.256420268999946,-123.23854073281204,668,668
2025-01-12 09:11:09,49.25641776612847,-123.23853325409344,669,669
2025-01-12 09:11:10,49.25641526325699,-123.23852577537482,670,670
2025-01-12 09:11:11,49.25641276038551,-123.23851829665621,671,671
2025-01-12 09:11:12,49.256410257514034,-123.2385108179376,672,672
2025-01-12 09:11:13,49.25640775464255,-123.23850333921898,673,673
2025-01-12 09:11:14,49.25640525177107,-123.23849586050036,674,674
2025-01-12 09:11:15,49.256402748899596,-123.23848838178175,675,675
2025-01-12 09:11:16,49.256400246028115,-123.23848090306313,676,676
2025-01-12 09:11:17,49.25639774315663,-123.23847342434452,677,677
2025-01-12 09:11:18,49.25639524028516,-123.2384659456259,678,678
2025-01-12 09:11:19,49.25639273741368,-123.23845846690729,679,679
2025-01-12 09:11:20,49.256390234542195,-123.23845098818867,680,680
2025-01-12 09:11:21,49.25638773167072,-123.23844350947006,681,681
2025-01-12 09:11:22,49.25638522879924,-123.23843603075146,682,682
2025-01-12 09:11:23,49.25638272592776,-123.23842855203284,683,683
2025-01-12 09:11:24,49.25638022305628,-123.23842107331423,684,684
2025-01-12 09:11:25,49.2563777201848,-123.23841359459561,685,685
2025-01-12 09:11:26,49.25637521731332,-123.238406115877,686,686
2025-01-12 09:11:27,49.256372714441845,-123.23839863715838,687,687
2025-01-12 09:11:28,49.25637021157036,-123.23839115843977,688,688
2025-01-12 09:11:29,49.25636770869888,-123.23838367972115,689,689
2025-01-12 09:11:30,49.25636520582741,-123.23837620100254,690,690
2025-01-12 09:11:31,49.256362702955926,-123.23836872228392,691,691
2025-01-12 09:11:32,49.256360200084444,-123.23836124356531,692,692
2025-01-12 09:11:33,49.25635769721297,-123.23835376484669,693,693
2025-01-12 09:11:34,49.25635519434149,-123.23834628612809,694,694
2025-01-12 09:11:35,49.256352691470006,-123.23833880740948,695,695
2025-01-12 09:11:36,49.25635018859853,-123.23833132869086,696,696
2025-01-12 09:11:37,49.25634768572705,-123.23832384997225,697,697
2025-01-12 09:11:38,49.25634518285557,-123.23831637125363,698,698
2025-01-12 09:11:39,49.256342679984094,-123.23830889253502,699,699
2025-01-12 09:11:40,49.25634017711261,-123.2383014138164,700,700
2025-01-12 09:11:41,49.25633767424113,-123.23829393509779,701,701
2025-01-12 09:11:42,49.256335171369656,-123.23828645637917,702,702
2025-01-12 09:11:43,49.256332668498175,-123.23827897766056,703,703
2025-01-12 09:11:44,49.25633016562669,-123.23827149894194,704,704
2025-01-12 09:11:45,49.25632766275522,-123.23826402022333,705,705
2025-01-12 09:11:46,49.25632515988374,-123.23825654150471,706,706
2025-01-12 09:11:47,49.256322657012255,-123.23824906278611,707,707
2025-01-12 09:11:48,49.25632015414078,-123.2382415840675,708,708
2025-01-12 09:11:49,49.2563176512693,-123.23823410534888,709,709
2025-01-12 09:11:50,49.25631514839782,-123.23822662663027,710,710
2025-01-12 09:11:51,49.25631264552634,-123.23821914791165,711,711
2025-01-12 09:11:52,49.25631014265486,-123.23821166919303,712,712
2025-01-12 09:11:53,49.25630763978338,-123.23820419047442,713,713
2025-01-12 09:11:54,49.256305136911905,-123.2381967117558,714,714
2025-01-12 09:11:55,49.25630263404042,-123.23818923303719,715,715
2025-01-12 09:11:56,49.25630013116894,-123.23818175431857,716,716
2025-01-12 09:11:57,49.25629762829747,-123.23817427559996,717,717
2025-01-12 09:11:58,49.256295125425986,-123.23816679688134,718,718
2025-01-12 09:11:59,49.256292622554504,-123.23815931816274,719,719
2025-01-12 09:12:00,49.25629011968303,-123.23815183944413,720,720
2025-01-12 09:12:01,49.25628761681155,-123.23814436072551,721,721
2025-01-12 09:12:02,49.256285113940066,-123.2381368820069,722,722
2025-01-12 09:12:03,49.25628261106859,-123.23812940328828,723,723
2025-01-12 09:12:04,49.25628010819711,-123.23812192456967,724,724
2025-01-12 09:12:05,49.25627760532563,-123.23811444585105,725,725
2025-01-12 09:12:06,49.256275102454154,-123.23810696713244,726,726
2025-01-12 09:12:07,49.25627259958267,-123.23809948841382,727,727
2025-01-12 09:12:08,49.25627009671119,-123.23809200969521,728,728
2025-01-12 09:12:09,49.256267593839716,-123.2380845309766,729,729
2025-01-12 09:12:10,49.256265090968235,-123.23807705225798,730,730
2025-01-12 09:12:11,49.25626258809675,-123.23806957353936,731,731
2025-01-12 09:12:12,49.25626008522528,-123.23806209482076,732,732
2025-01-12 09:12:13,49.2562575823538,-123.23805461610215,733,733
2025-01-12 09:12:14,49.256255079482315,-123.23804713738353,734,734
2025-01-12 09:12:15,49.25625257661084,-123.23803965866492,735,735
2025-01-12 09:12:16,49.25625007373936,-123.2380321799463,736,736
2025-01-12 09:12:17,49.25624757086788,-123.23802470122769,737,737
2025-01-12 09:12:18,49.2562450679964,-123.23801722250907,738,738
2025-01-12 09:12:19,49.25624256512492,-123.23800974379046,739,739
2025-01-12 09:12:20,49.25624006225344,-123.23800226507184,740,740
2025-01-12 09:12:21,49.256237559381965,-123.23799478635323,741,741
2025-01-12 09:12:22,49.256235056510484,-123.23798730763461,742,742
2025-01-12 09:12:23,49.256232553639,-123.237979828916,743,743
2025-01-12 09:12:24,49.25623005076753,-123.2379723501974,744,744
2025-01-12 09:12:25,49.256227547896046,-123.23796487147878,745,745
2025-01-12 09:12:26,49.256225045024564,-123.23795739276017,746,746
2025-01-12 09:12:27,49.25622254215309,-123.23794991404155,747,747
2025-01-12 09:12:28,49.25622003928161,-123.23794243532294,748,748
2025-01-12 09:12:29,49.25621753641013,-123.23793495660432,749,749
2025-01-12 09:12:30,49.25621503353865,-123.2379274778857,750,750
2025-01-12 09:12:31,49.25621253066717,-123.23791999916709,751,751
2025-01-12 09:12:32,49.256210027795696,-123.23791252044848,752,752
2025-01-12 09:12:33,49.256207524924214,-123.23790504172986,753,753
2025-01-12 09:12:34,49.25620502205273,-123.23789756301124,754,754
2025-01-12 09:12:35,49.25620251918126,-123.23789008429263,755,755
2025-01-12 09:12:36,49.256200016309776,-123.23788260557401,756,756
2025-01-12 09:12:37,49.256197513438295,-123.23787512685541,757,757
2025-01-12 09:12:38,49.25619501056682,-123.2378676481368,758,758
2025-01-12 09:12:39,49.25619250769534,-123.23786016941818,759,759
2025-01-12 09:12:40,49.25619000482386,-123.23785269069957,760,760
2025-01-12 09:12:41,49.25618750195238,-123.23784521198095,761,761
2025-01-12 09:12:42,49.2561849990809,-123.23783773326234,762,762
2025-01-12 09:12:43,49.25618249620942,-123.23783025454372,763,763
2025-01-12 09:12:44,49.256179993337945,-123.23782277582511,764,764
2025-01-12 09:12:45,49.25617749046646,-123.2378152971065,765,765
2025-01-12 09:12:46,49.25617498759498,-123.23780781838788,766,766
2025-01-12 09:12:47,49.25617248472351,-123.23780033966926,767,767
2025-01-12 09:12:48,49.256169981852025,-123.23779286095065,768,768
2025-01-12 09:12:49,49.256167478980544,-123.23778538223205,769,769
2025-01-12 09:12:50,49.25616497610907,-123.23777790351343,770,770
2025-01-12 09:12:51,49.25616247323759,-123.23777042479482,771,771
2025-01-12 09:12:52,49.256159970366106,-123.2377629460762,772,772
2025-01-12 09:12:53,49.25615746749463,-123.23775546735759,773,773
2025-01-12 09:12:54,49.25615496462315,-123.23774798863897,774,774
2025-01-12 09:12:55,49.25615246175167,-123.23774050992036,775,775
2025-01-12 09:12:56,49.256149958880194,-123.23773303120174,776,776
2025-01-12 09:12:57,49.25614745600871,-123.23772555248313,777,777
2025-01-12 09:12:58,49.25614495313723,-123.23771807376451,778,778
2025-01-12 09:12:59,49.256142450265756,-123.2377105950459,779,779
2025-01-12 09:13:00,49.256139947394274,-123.23770311632728,780,780
2025-01-12 09:13:01,49.25613744452279,-123.23769563760867,781,781
2025-01-12 09:13:02,49.25613494165132,-123.23768815889007,782,782
2025-01-12 09:13:03,49.25613243877984,-123.23768068017145,783,783
2025-01-12 09:13:04,49.256129935908355,-123.23767320145284,784,784
2025-01-12 09:13:05,49.25612743303688,-123.23766572273422,785,785
2025-01-12 09:13:06,49.2561249301654,-123.2376582440156,786,786
2025-01-12 09:13:07,49.25612242729392,-123.23765076529699,787,787
2025-01-12 09:13:08,49.25611992442244,-123.23764328657838,788,788
2025-01-12 09:13:09,49.25611742155096,-123.23763580785976,789,789
2025-01-12 09:13:10,49.25611491867948,-123.23762832914115,790,790
2025-01-12 09:13:11,49.256112415808005,-123.23762085042253,791,791
2025-01-12 09:13:12,49.25610991293652,-123.23761337170392,792,792
2025-01-12 09:13:13,49.25610741006504,-123.2376058929853,793,793
2025-01-12 09:13:14,49.25610490719357,-123.2375984142667,794,794
2025-01-12 09:13:15,49.256102404322085,-123.23759093554808,795,795
2025-01-12 09:13:16,49.256099901450604,-123.23758345682947,796,796
2025-01-12 09:13:17,49.25609739857913,-123.23757597811085,797,797
2025-01-12 09:13:18,49.25609489570765,-123.23756849939224,798,798
2025-01-12 09:13:19,49.256092392836166,-123.23756102067362,799,799
2025-01-12 09:13:20,49.25608988996469,-123.23755354195501,800,800
2025-01-12 09:13:21,49.25608738709321,-123.2375460632364,801,801
2025-01-12 09:13:22,49.25608488422173,-123.23753858451778,802,802
2025-01-12 09:13:23,49.256082381350254,-123.23753110579916,803,803
2025-01-12 09:13:24,49.25607987847877,-123.23752362708055,804,804
2025-01-12 09:13:25,49.25607737560729,-123.23751614836193,805,805
2025-01-12 09:13:26,49.256074872735816,-123.23750866964332,806,806
2025-01-12 09:13:27,49.256072369864334,-123.23750119092472,807,807
2025-01-12 09:13:28,49.25606986699285,-123.2374937122061,808,808
2025-01-12 09:13:29,49.25606736412138,-123.23748623348749,809,809
2025-01-12 09:13:30,49.2560648612499,-123.23747875476887,810,810
2025-01-12 09:13:31,49.256062358378415,-123.23747127605026,811,811
2025-01-12 09:13:32,49.25605985550694,-123.23746379733164,812,812
2025-01-12 09:13:33,49.25605735263546,-123.23745631861303,813,813
2025-01-12 09:13:34,49.25605484976398,-123.23744883989441,814,814
2025-01-12 09:13:35,49.2560523468925,-123.2374413611758,815,815
2025-01-12 09:13:36,49.25604984402102,-123.23743388245718,816,816
2025-01-12 09:13:37,49.25604734114954,-123.23742640373857,817,817
2025-01-12 09:13:38,49.256044838278065,-123.23741892501995,818,818
2025-01-12 09:13:39,49.25604233540658,-123.23741144630135,819,819
2025-01-12 09:13:40,49.2560398325351,-123.23740396758274,820,820
2025-01-12 09:13:41,49.25603732966363,-123.23739648886412,821,821
2025-01-12 09:13:42,49.256034826792146,-123.2373890101455,822,822
2025-01-12 09:13:43,49.256032323920664,-123.23738153142689,823,823
2025-01-12 09:13:44,49.25602982104919,-123.23737405270828,824,824
2025-01-12 09:13:45,49.25602731817771,-123.23736657398966,825,825
2025-01-12 09:13:46,49.256024815306226,-123.23735909527105,826,826
2025-01-12 09:13:47,49.25602231243475,-123.23735161655243,827,827
2025-01-12 09:13:48,49.25601980956327,-123.23734413783382,828,828
2025-01-12 09:13:49,49.25601730669179,-123.2373366591152,829,829
2025-01-12 09:13:50,49.256014803820314,-123.23732918039659,830,830
2025-01-12 09:13:51,49.25601230094883,-123.23732170167797,831,831
2025-01-12 09:13:52,49.25600979807735,-123.23731422295937,832,832
2025-01-12 09:13:53,49.256007295205876,-123.23730674424075,833,833
2025-01-12 09:13:54,49.256004792334394,-123.23729926552214,834,834
2025-01-12 09:13:55,49.25600228946291,-123.23729178680352,835,835
2025-01-12 09:13:56,49.25599978659144,-123.23728430808491,836,836
2025-01-12 09:13:57,49.25599728371996,-123.2372768293663,837,837
2025-01-12 09:13:58,49.255994780848475,-123.23726935064768,838,838
2025-01-12 09:13:59,49.255992277977,-123.23726187192906,839,839
2025-01-12 09:14:00,49.25598977510552,-123.23725439321045,840,840
2025-01-12 09:14:01,49.25598727223404,-123.23724691449183,841,841
2025-01-12 09:14:02,49.25598476936256,-123.23723943577322,842,842
2025-01-12 09:14:03,49.25598226649108,-123.2372319570546,843,843
2025-01-12 09:14:04,49.2559797636196,-123.237224478336,844,844
2025-01-12 09:14:05,49.255977260748125,-123.23721699961739,845,845
2025-01-12 09:14:06,49.25597475787664,-123.23720952089877,846,846
2025-01-12 09:14:07,49.25597225500516,-123.23720204218016,847,847
2025-01-12 09:14:08,49.25596975213369,-123.23719456346154,848,848
2025-01-12 09:14:09,49.255967249262206,-123.23718708474293,849,849
2025-01-12 09:14:10,49.255964746390724,-123.23717960602431,850,850
2025-01-12 09:14:11,49.25596224351925,-123.2371721273057,851,851
2025-01-12 09:14:12,49.25595974064777,-123.23716464858708,852,852
2025-01-12 09:14:13,49.255957237776286,-123.23715716986847,853,853
2025-01-12 09:14:14,49.25595473490481,-123.23714969114985,854,854
2025-01-12 09:14:15,49.25595223203333,-123.23714221243124,855,855
2025-01-12 09:14:16,49.25594972916185,-123.23713473371262,856,856
2025-01-12 09:14:17,49.255947226290374,-123.23712725499402,857,857
2025-01-12 09:14:18,49.25594472341889,-123.2371197762754,858,858
2025-01-12 09:14:19,49.25594222054741,-123.23711229755679,859,859
2025-01-12 09:14:20,49.255939717675936,-123.23710481883818,860,860
2025-01-12 09:14:21,49.255937214804455,-123.23709734011956,861,861
2025-01-12 09:14:22,49.25593471193297,-123.23708986140095,862,862
2025-01-12 09:14:23,49.2559322090615,-123.23708238268233,863,863
2025-01-12 09:14:24,49.25592970619002,-123.23707490396372,864,864
2025-01-12 09:14:25,49.255927203318535,-123.2370674252451,865,865
2025-01-12 09:14:26,49.25592470044706,-123.23705994652649,866,866
2025-01-12 09:14:27,49.25592219757558,-123.23705246780787,867,867
2025-01-12 09:14:28,49.2559196947041,-123.23704498908926,868,868
2025-01-12 09:14:29,49.25591719183262,-123.23703751037066,869,869
2025-01-12 09:14:30,49.25591468896114,-123.23703003165204,870,870
2025-01-12 09:14:31,49.25591218608966,-123.23702255293342,871,871
2025-01-12 09:14:32,49.255909683218185,-123.23701507421481,872,872
2025-01-12 09:14:33,49.2559071803467,-123.2370075954962,873,873
2025-01-12 09:14:34,49.25590467747522,-123.23700011677758,874,874
2025-01-12 09:14:35,49.25590217460375,-123.23699263805896,875,875
2025-01-12 09:14:36,49.255899671732266,-123.23698515934035,876,876
2025-01-12 09:14:37,49.255897168860784,-123.23697768062173,877,877
2025-01-12 09:14:38,49.25589466598931,-123.23697020190312,878,878
2025-01-12 09:14:39,49.25589216311783,-123.2369627231845,879,879
2025-01-12 09:14:40,49.255889660246346,-123.23695524446589,880,880
2025-01-12 09:14:41,49.25588715737487,-123.23694776574727,881,881
2025-01-12 09:14:42,49.25588465450339,-123.23694028702867,882,882
2025-01-12 09:14:43,49.25588215163191,-123.23693280831006,883,883
2025-01-12 09:14:44,49.255879648760434,-123.23692532959144,884,884
2025-01-12 09:14:45,49.25587714588895,-123.23691785087283,885,885
2025-01-12 09:14:46,49.25587464301747,-123.23691037215421,886,886
2025-01-12 09:14:47,49.255872140145996,-123.2369028934356,887,887
2025-01-12 09:14:48,49.255869637274515,-123.23689541471698,888,888
2025-01-12 09:14:49,49.25586713440303,-123.23688793599837,889,889
2025-01-12 09:14:50,49.25586463153156,-123.23688045727975,890,890
2025-01-12 09:14:51,49.25586212866008,-123.23687297856114,891,891
2025-01-12 09:14:52,49.255859625788595,-123.23686549984252,892,892
2025-01-12 09:14:53,49.25585712291712,-123.23685802112391,893,893
2025-01-12 09:14:54,49.25585462004564,-123.2368505424053,894,894
2025-01-12 09:14:55,49.25585211717416,-123.23684306368669,895,895
2025-01-12 09:14:56,49.25584961430268,-123.23683558496808,896,896
2025-01-12 09:14:57,49.2558471114312,-123.23682810624946,897,897
2025-01-12 09:14:58,49.25584460855972,-123.23682062753085,898,898
2025-01-12 09:14:59,49.255842105688245,-123.23681314881223,899,899
2025-01-12 09:15:00,49.25583960281676,-123.23680567009362,900,900
2025-01-12 09:15:00,49.25583960281676,-123.23680567009362,900,900
2025-01-12 09:15:01,49.25583960281676,-123.23680567009362,901,901
2025-01-12 09:15:02,49.25583960281676,-123.23680567009362,902,902
2025-01-12 09:15:03,49.25583960281676,-123.23680567009362,903,903
2025-01-12 09:15:04,49.25583960281676,-123.23680567009362,904,904
2025-01-12 09:15:05,49.25583960281676,-123.23680567009362,905,905
2025-01-12 09:15:06,49.25583960281676,-123.23680567009362,906,906
2025-01-12 09:15:07,49.25583960281676,-123.23680567009362,907,907
2025-01-12 09:15:08,49.25583960281676,-123.23680567009362,908,908
2025-01-12 09:15:09,49.25583960281676,-123.23680567009362,909,909
2025-01-12 09:15:10,49.25583960281676,-123.23680567009362,910,910
2025-01-12 09:15:11,49.25583960281676,-123.23680567009362,911,911
2025-01-12 09:15:12,49.25583960281676,-123.23680567009362,912,912
2025-01-12 09:15:13,49.25583960281676,-123.23680567009362,913,913
2025-01-12 09:15:14,49.25583960281676,-123.23680567009362,914,914
2025-01-12 09:15:15,49.25583960281676,-123.23680567009362,915,915
2025-01-12 09:15:16,49.25583960281676,-123.23680567009362,916,916
2025-01-12 09:15:17,49.25583960281676,-123.23680567009362,917,917
2025-01-12 09:15:18,49.25583960281676,-123.23680567009362,918,918
2025-01-12 09:15:19,49.25583960281676,-123.23680567009362,919,919
2025-01-12 09:15:20,49.25583960281676,-123.23680567009362,920,920
2025-01-12 09:15:21,49.25583960281676,-123.23680567009362,921,921
2025-01-12 09:15:22,49.25583960281676,-123.23680567009362,922,922
2025-01-12 09:15:23,49.25583960281676,-123.23680567009362,923,923
2025-01-12 09:15:24,49.25583960281676,-123.23680567009362,924,924
2025-01-12 09:15:25,49.25583960281676,-123.23680567009362,925,925
2025-01-12 09:15:26,49.25583960281676,-123.23680567009362,926,926
2025-01-12 09:15:27,49.25583960281676,-123.23680567009362,927,927
2025-01-12 09:15:28,49.25583960281676,-123.23680567009362,928,928
2025-01-12 09:15:29,49.25583960281676,-123.23680567009362,929,929
2025-01-12 09:15:30,49.25583960281676,-123.23680567009362,930,930
2025-01-12 09:15:31,49.25583960281676,-123.23680567009362,931,931
2025-01-12 09:15:32,49.25583960281676,-123.23680567009362,932,932
2025-01-12 09:15:33,49.25583960281676,-123.23680567009362,933,933
2025-01-12 09:15:34,49.25583960281676,-123.23680567009362,934,934
2025-01-12 09:15:35,49.25583960281676,-123.23680567009362,935,935
2025-01-12 09:15:36,49.25583960281676,-123.23680567009362,936,936
2025-01-12 09:15:37,49.25583960281676,-123.23680567009362,937,937
2025-01-12 09:15:38,49.25583960281676,-123.23680567009362,938,938
2025-01-12 09:15:39,49.25583960281676,-123.23680567009362,939,939
2025-01-12 09:15:40,49.25583960281676,-123.23680567009362,940,940
2025-01-12 09:15:41,49.25583960281676,-123.23680567009362,941,941
2025-01-12 09:15:42,49.25583960281676,-123.23680567009362,942,942
2025-01-12 09:15:43,49.25583960281676,-123.23680567009362,943,943
2025-01-12 09:15:44,49.25583960281676,-123.23680567009362,944,944
2025-01-12 09:15:45,49.25583960281676,-123.23680567009362,945,945
2025-01-12 09:15:46,49.25583960281676,-123.23680567009362,946,946
2025-01-12 09:15:47,49.25583960281676,-123.23680567009362,947,947
2025-01-12 09:15:48,49.25583960281676,-123.23680567009362,948,948
2025-01-12 09:15:49,49.25583960281676,-123.23680567009362,949,949
2025-01-12 09:15:50,49.25583960281676,-123.23680567009362,950,950
2025-01-12 09:15:51,49.25583960281676,-123.23680567009362,951,951
2025-01-12 09:15:52,49.25583960281676,-123.23680567009362,952,952
2025-01-12 09:15:53,49.25583960281676,-123.23680567009362,953,953
2025-01-12 09:15:54,49.25583960281676,-123.23680567009362,954,954
2025-01-12 09:15:55,49.25583960281676,-123.23680567009362,955,955
2025-01-12 09:15:56,49.25583960281676,-123.23680567009362,956,956
2025-01-12 09:15:57,49.25583960281676,-123.23680567009362,957,957
2025-01-12 09:15:58,49.25583960281676,-123.23680567009362,958,958
2025-01-12 09:15:59,49.25583960281676,-123.23680567009362,959,959
2025-01-12 09:16:00,49.25583960281676,-123.23680567009362,960,960
2025-01-12 09:16:01,49.25583960281676,-123.23680567009362,961,961
2025-01-12 09:16:02,49.25583960281676,-123.23680567009362,962,962
2025-01-12 09:16:03,49.25583960281676,-123.23680567009362,963,963
2025-01-12 09:16:04,49.25583960281676,-123.23680567009362,964,964
2025-01-12 09:16:05,49.25583960281676,-123.23680567009362,965,965
2025-01-12 09:16:06,49.25583960281676,-123.23680567009362,966,966
2025-01-12 09:16:07,49.25583960281676,-123.23680567009362,967,967
2025-01-12 09:16:08,49.25583960281676,-123.23680567009362,968,968
2025-01-12 09:16:09,49.25583960281676,-123.23680567009362,969,969
2025-01-12 09:16:10,49.25583960281676,-123.23680567009362,970,970
2025-01-12 09:16:11,49.25583960281676,-123.23680567009362,971,971
2025-01-12 09:16:12,49.25583960281676,-123.23680567009362,972,972
2025-01-12 09:16:13,49.25583960281676,-123.23680567009362,973,973
2025-01-12 09:16:14,49.25583960281676,-123.23680567009362,974,974
2025-01-12 09:16:15,49.25583960281676,-123.23680567009362,975,975
2025-01-12 09:16:16,49.25583960281676,-123.23680567009362,976,976
2025-01-12 09:16:17,49.25583960281676,-123.23680567009362,977,977
2025-01-12 09:16:18,49.25583960281676,-123.23680567009362,978,978
2025-01-12 09:16:19,49.25583960281676,-123.23680567009362,979,979
2025-01-12 09:16:20,49.25583960281676,-123.23680567009362,980,980
2025-01-12 09:16:21,49.25583960281676,-123.23680567009362,981,981
2025-01-12 09:16:22,49.25583960281676,-123.23680567009362,982,982
2025-01-12 09:16:23,49.25583960281676,-123.23680567009362,983,983
2025-01-12 09:16:24,49.25583960281676,-123.23680567009362,984,984
2025-01-12 09:16:25,49.25583960281676,-123.23680567009362,985,985
2025-01-12 09:16:26,49.25583960281676,-123.23680567009362,986,986
2025-01-12 09:16:27,49.25583960281676,-123.23680567009362,987,987
2025-01-12 09:16:28,49.25583960281676,-123.23680567009362,988,988
2025-01-12 09:16:29,49.25583960281676,-123.23680567009362,989,989
2025-01-12 09:16:30,49.25583960281676,-123.23680567009362,990,990
2025-01-12 09:16:31,49.25583960281676,-123.23680567009362,991,991
2025-01-12 09:16:32,49.25583960281676,-123.23680567009362,992,992
2025-01-12 09:16:33,49.25583960281676,-123.23680567009362,993,993
2025-01-12 09:16:34,49.25583960281676,-123.23680567009362,994,994
2025-01-12 09:16:35,49.25583960281676,-123.23680567009362,995,995
2025-01-12 09:16:36,49.25583960281676,-123.23680567009362,996,996
2025-01-12 09:16:37,49.25583960281676,-123.23680567009362,997,997
2025-01-12 09:16:38,49.25583960281676,-123.23680567009362,998,998
2025-01-12 09:16:39,49.25583960281676,-123.23680567009362,999,999
2025-01-12 09:16:40,49.25583960281676,-123.23680567009362,1000,1000
2025-01-12 09:16:41,49.25583960281676,-123.23680567009362,1001,1001
2025-01-12 09:16:42,49.25583960281676,-123.23680567009362,1002,1002
2025-01-12 09:16:43,49.25583960281676,-123.23680567009362,1003,1003
2025-01-12 09:16:44,49.25583960281676,-123.23680567009362,1004,1004
2025-01-12 09:16:45,49.25583960281676,-123.23680567009362,1005,1005
2025-01-12 09:16:46,49.25583960281676,-123.23680567009362,1006,1006
2025-01-12 09:16:47,49.25583960281676,-123.23680567009362,1007,1007
2025-01-12 09:16:48,49.25583960281676,-123.23680567009362,1008,1008
2025-01-12 09:16:49,49.25583960281676,-123.23680567009362,1009,1009
2025-01-12 09:16:50,49.25583960281676,-123.23680567009362,1010,1010
2025-01-12 09:16:51,49.25583960281676,-123.23680567009362,1011,1011
2025-01-12 09:16:52,49.25583960281676,-123.23680567009362,1012,1012
2025-01-12 09:16:53,49.25583960281676,-123.23680567009362,1013,1013
2025-01-12 09:16:54,49.25583960281676,-123.23680567009362,1014,1014
2025-01-12 09:16:55,49.25583960281676,-123.23680567009362,1015,1015
2025-01-12 09:16:56,49.25583960281676,-123.23680567009362,1016,1016
2025-01-12 09:16:57,49.25583960281676,-123.23680567009362,1017,1017
2025-01-12 09:16:58,49.25583960281676,-123.23680567009362,1018,1018
2025-01-12 09:16:59,49.25583960281676,-123.23680567009362,1019,1019
2025-01-12 09:17:00,49.25583960281676,-123.23680567009362,1020,1020
2025-01-12 09:17:01,49.25583960281676,-123.23680567009362,1021,1021
2025-01-12 09:17:02,49.25583960281676,-123.23680567009362,1022,1022
2025-01-12 09:17:03,49.25583960281676,-123.23680567009362,1023,1023
2025-01-12 09:17:04,49.25583960281676,-123.23680567009362,1024,1024
2025-01-12 09:17:05,49.25583960281676,-123.23680567009362,1025,1025
2025-01-12 09:17:06,49.25583960281676,-123.23680567009362,1026,1026
2025-01-12 09:17:07,49.25583960281676,-123.23680567009362,1027,1027
2025-01-12 09:17:08,49.25583960281676,-123.23680567009362,1028,1028
2025-01-12 09:17:09,49.25583960281676,-123.23680567009362,1029,1029
2025-01-12 09:17:10,49.25583960281676,-123.23680567009362,1030,1030
2025-01-12 09:17:11,49.25583960281676,-123.23680567009362,1031,1031
2025-01-12 09:17:12,49.25583960281676,-123.23680567009362,1032,1032
2025-01-12 09:17:13,49.25583960281676,-123.23680567009362,1033,1033
2025-01-12 09:17:14,49.25583960281676,-123.23680567009362,1034,1034
2025-01-12 09:17:15,49.25583960281676,-123.23680567009362,1035,1035
2025-01-12 09:17:16,49.25583960281676,-123.23680567009362,1036,1036
2025-01-12 09:17:17,49.25583960281676,-123.23680567009362,1037,1037
2025-01-12 09:17:18,49.25583960281676,-123.23680567009362,1038,1038
2025-01-12 09:17:19,49.25583960281676,-123.23680567009362,1039,1039
2025-01-12 09:17:20,49.25583960281676,-123.23680567009362,1040,1040
2025-01-12 09:17:21,49.25583960281676,-123.23680567009362,1041,1041
2025-01-12 09:17:22,49.25583960281676,-123.23680567009362,1042,1042
2025-01-12 09:17:23,49.25583960281676,-123.23680567009362,1043,1043
2025-01-12 09:17:24,49.25583960281676,-123.23680567009362,1044,1044
2025-01-12 09:17:25,49.25583960281676,-123.23680567009362,1045,1045
2025-01-12 09:17:26,49.25583960281676,-123.23680567009362,1046,1046
2025-01-12 09:17:27,49.25583960281676,-123.23680567009362,1047,1047
2025-01-12 09:17:28,49.25583960281676,-123.23680567009362,1048,1048
2025-01-12 09:17:29,49.25583960281676,-123.23680567009362,1049,1049
2025-01-12 09:17:30,49.25583960281676,-123.23680567009362,1050,1050
2025-01-12 09:17:31,49.25583960281676,-123.23680567009362,1051,1051
2025-01-12 09:17:32,49.25583960281676,-123.23680567009362,1052,1052
2025-01-12 09:17:33,49.25583960281676,-123.23680567009362,1053,1053
2025-01-12 09:17:34,49.25583960281676,-123.23680567009362,1054,1054
2025-01-12 09:17:35,49.25583960281676,-123.23680567009362,1055,1055
2025-01-12 09:17:36,49.25583960281676,-123.23680567009362,1056,1056
2025-01-12 09:17:37,49.25583960281676,-123.23680567009362,1057,1057
2025-01-12 09:17:38,49.25583960281676,-123.23680567009362,1058,1058
2025-01-12 09:17:39,49.25583960281676,-123.23680567009362,1059,1059
2025-01-12 09:17:40,49.25583960281676,-123.23680567009362,1060,1060
2025-01-12 09:17:41,49.25583960281676,-123.23680567009362,1061,1061
2025-01-12 09:17:42,49.25583960281676,-123.23680567009362,1062,1062
2025-01-12 09:17:43,49.25583960281676,-123.23680567009362,1063,1063
2025-01-12 09:17:44,49.25583960281676,-123.23680567009362,1064,1064
2025-01-12 09:17:45,49.25583960281676,-123.23680567009362,1065,1065
2025-01-12 09:17:46,49.25583960281676,-123.23680567009362,1066,1066
2025-01-12 09:17:47,49.25583960281676,-123.23680567009362,1067,1067
2025-01-12 09:17:48,49.25583960281676,-123.23680567009362,1068,1068
2025-01-12 09:17:49,49.25583960281676,-123.23680567009362,1069,1069
2025-01-12 09:17:50,49.25583960281676,-123.23680567009362,1070,1070
2025-01-12 09:17:51,49.25583960281676,-123.23680567009362,1071,1071
2025-01-12 09:17:52,49.25583960281676,-123.23680567009362,1072,1072
2025-01-12 09:17:53,49.25583960281676,-123.23680567009362,1073,1073
2025-01-12 09:17:54,49.25583960281676,-123.23680567009362,1074,1074
2025-01-12 09:17:55,49.25583960281676,-123.23680567009362,1075,1075
2025-01-12 09:17:56,49.25583960281676,-123.23680567009362,1076,1076
2025-01-12 09:17:57,49.25583960281676,-123.23680567009362,1077,1077
2025-01-12 09:17:58,49.25583960281676,-123.23680567009362,1078,1078
2025-01-12 09:17:59,49.25583960281676,-123.23680567009362,1079,1079
2025-01-12 09:18:00,49.25583960281676,-123.23680567009362,1080,1080
2025-01-12 09:18:01,49.25583960281676,-123.23680567009362,1081,1081
2025-01-12 09:18:02,49.25583960281676,-123.23680567009362,1082,1082
2025-01-12 09:18:03,49.25583960281676,-123.23680567009362,1083,1083
2025-01-12 09:18:04,49.25583960281676,-123.23680567009362,1084,1084
2025-01-12 09:18:05,49.25583960281676,-123.23680567009362,1085,1085
2025-01-12 09:18:06,49.25583960281676,-123.23680567009362,1086,1086
2025-01-12 09:18:07,49.25583960281676,-123.23680567009362,1087,1087
2025-01-12 09:18:08,49.25583960281676,-123.23680567009362,1088,1088
2025-01-12 09:18:09,49.25583960281676,-123.23680567009362,1089,1089
2025-01-12 09:18:10,49.25583960281676,-123.23680567009362,1090,1090
2025-01-12 09:18:11,49.25583960281676,-123.23680567009362,1091,1091
2025-01-12 09:18:12,49.25583960281676,-123.23680567009362,1092,1092
2025-01-12 09:18:13,49.25583960281676,-123.23680567009362,1093,1093
2025-01-12 09:18:14,49.25583960281676,-123.23680567009362,1094,1094
2025-01-12 09:18:15,49.25583960281676,-123.23680567009362,1095,1095
2025-01-12 09:18:16,49.25583960281676,-123.23680567009362,1096,1096
2025-01-12 09:18:17,49.25583960281676,-123.23680567009362,1097,1097
2025-01-12 09:18:18,49.25583960281676,-123.23680567009362,1098,1098
2025-01-12 09:18:19,49.25583960281676,-123.23680567009362,1099,1099
2025-01-12 09:18:20,49.25583960281676,-123.23680567009362,1100,1100
2025-01-12 09:18:21,49.25583960281676,-123.23680567009362,1101,1101
2025-01-12 09:18:22,49.25583960281676,-123.23680567009362,1102,1102
2025-01-12 09:18:23,49.25583960281676,-123.23680567009362,1103,1103
2025-01-12 09:18:24,49.25583960281676,-123.23680567009362,1104,1104
2025-01-12 09:18:25,49.25583960281676,-123.23680567009362,1105,1105
2025-01-12 09:18:26,49.25583960281676,-123.23680567009362,1106,1106
2025-01-12 09:18:27,49.25583960281676,-123.23680567009362,1107,1107
2025-01-12 09:18:28,49.25583960281676,-123.23680567009362,1108,1108
2025-01-12 09:18:29,49.25583960281676,-123.23680567009362,1109,1109
2025-01-12 09:18:30,49.25583960281676,-123.23680567009362,1110,1110
2025-01-12 09:18:31,49.25583960281676,-123.23680567009362,1111,1111
2025-01-12 09:18:32,49.25583960281676,-123.23680567009362,1112,1112
2025-01-12 09:18:33,49.25583960281676,-123.23680567009362,1113,1113
2025-01-12 09:18:34,49.25583960281676,-123.23680567009362,1114,1114
2025-01-12 09:18:35,49.25583960281676,-123.23680567009362,1115,1115
2025-01-12 09:18:36,49.25583960281676,-123.23680567009362,1116,1116
2025-01-12 09:18:37,49.25583960281676,-123.23680567009362,1117,1117
2025-01-12 09:18:38,49.25583960281676,-123.23680567009362,1118,1118
2025-01-12 09:18:39,49.25583960281676,-123.23680567009362,1119,1119
2025-01-12 09:18:40,49.25583960281676,-123.23680567009362,1120,1120
2025-01-12 09:18:41,49.25583960281676,-123.23680567009362,1121,1121
2025-01-12 09:18:42,49.25583960281676,-123.23680567009362,1122,1122
2025-01-12 09:18:43,49.25583960281676,-123.23680567009362,1123,1123
2025-01-12 09:18:44,49.25583960281676,-123.23680567009362,1124,1124
2025-01-12 09:18:45,49.25583960281676,-123.23680567009362,1125,1125
2025-01-12 09:18:46,49.25583960281676,-123.23680567009362,1126,1126
2025-01-12 09:18:47,49.25583960281676,-123.23680567009362,1127,1127
2025-01-12 09:18:48,49.25583960281676,-123.23680567009362,1128,1128
2025-01-12 09:18:49,49.25583960281676,-123.23680567009362,1129,1129
2025-01-12 09:18:50,49.25583960281676,-123.23680567009362,1130,1130
2025-01-12 09:18:51,49.25583960281676,-123.23680567009362,1131,1131
2025-01-12 09:18:52,49.25583960281676,-123.23680567009362,1132,1132
2025-01-12 09:18:53,49.25583960281676,-123.23680567009362,1133,1133
2025-01-12 09:18:54,49.25583960281676,-123.23680567009362,1134,1134
2025-01-12 09:18:55,49.25583960281676,-123.23680567009362,1135,1135
2025-01-12 09:18:56,49.25583960281676,-123.23680567009362,1136,1136
2025-01-12 09:18:57,49.25583960281676,-123.23680567009362,1137,1137
2025-01-12 09:18:58,49.25583960281676,-123.23680567009362,1138,1138
2025-01-12 09:18:59,49.25583960281676,-123.23680567009362,1139,1139
2025-01-12 09:19:00,49.25583960281676,-123.23680567009362,1140,1140
2025-01-12 09:19:01,49.25583960281676,-123.23680567009362,1141,1141
2025-01-12 09:19:02,49.25583960281676,-123.23680567009362,1142,1142
2025-01-12 09:19:03,49.25583960281676,-123.23680567009362,1143,1143
2025-01-12 09:19:04,49.25583960281676,-123.23680567009362,1144,1144
2025-01-12 09:19:05,49.25583960281676,-123.23680567009362,1145,1145
2025-01-12 09:19:06,49.25583960281676,-123.23680567009362,1146,1146
2025-01-12 09:19:07,49.25583960281676,-123.23680567009362,1147,1147
2025-01-12 09:19:08,49.25583960281676,-123.23680567009362,1148,1148
2025-01-12 09:19:09,49.25583960281676,-123.23680567009362,1149,1149
2025-01-12 09:19:10,49.25583960281676,-123.23680567009362,1150,1150
2025-01-12 09:19:11,49.25583960281676,-123.23680567009362,1151,1151
2025-01-12 09:19:12,49.25583960281676,-123.23680567009362,1152,1152
2025-01-12 09:19:13,49.25583960281676,-123.23680567009362,1153,1153
2025-01-12 09:19:14,49.25583960281676,-123.23680567009362,1154,1154
2025-01-12 09:19:15,49.25583960281676,-123.23680567009362,1155,1155
2025-01-12 09:19:16,49.25583960281676,-123.23680567009362,1156,1156
2025-01-12 09:19:17,49.25583960281676,-123.23680567009362,1157,1157
2025-01-12 09:19:18,49.25583960281676,-123.23680567009362,1158,1158
2025-01-12 09:19:19,49.25583960281676,-123.23680567009362,1159,1159
2025-01-12 09:19:20,49.25583960281676,-123.23680567009362,1160,1160
2025-01-12 09:19:21,49.25583960281676,-123.23680567009362,1161,1161
2025-01-12 09:19:22,49.25583960281676,-123.23680567009362,1162,1162
2025-01-12 09:19:23,49.25583960281676,-123.23680567009362,1163,1163
2025-01-12 09:19:24,49.25583960281676,-123.23680567009362,1164,1164
2025-01-12 09:19:25,49.25583960281676,-123.23680567009362,1165,1165
2025-01-12 09:19:26,49.25583960281676,-123.23680567009362,1166,1166
2025-01-12 09:19:27,49.25583960281676,-123.23680567009362,1167,1167
2025-01-12 09:19:28,49.25583960281676,-123.23680567009362,1168,1168
2025-01-12 09:19:29,49.25583960281676,-123.23680567009362,1169,1169
2025-01-12 09:19:30,49.25583960281676,-123.23680567009362,1170,1170
2025-01-12 09:19:31,49.25583960281676,-123.23680567009362,1171,1171
2025-01-12 09:19:32,49.25583960281676,-123.23680567009362,1172,1172
2025-01-12 09:19:33,49.25583960281676,-123.23680567009362,1173,1173
2025-01-12 09:19:34,49.25583960281676,-123.23680567009362,1174,1174
2025-01-12 09:19:35,49.25583960281676,-123.23680567009362,1175,1175
2025-01-12 09:19:36,49.25583960281676,-123.23680567009362,1176,1176
2025-01-12 09:19:37,49.25583960281676,-123.23680567009362,1177,1177
2025-01-12 09:19:38,49.25583960281676,-123.23680567009362,1178,1178
2025-01-12 09:19:39,49.25583960281676,-123.23680567009362,1179,1179
2025-01-12 09:19:40,49.25583960281676,-123.23680567009362,1180,1180
2025-01-12 09:19:41,49.25583960281676,-123.23680567009362,1181,1181
2025-01-12 09:19:42,49.25583960281676,-123.23680567009362,1182,1182
2025-01-12 09:19:43,49.25583960281676,-123.23680567009362,1183,1183
2025-01-12 09:19:44,49.25583960281676,-123.23680567009362,1184,1184
2025-01-12 09:19:45,49.25583960281676,-123.23680567009362,1185,1185
2025-01-12 09:19:46,49.25583960281676,-123.23680567009362,1186,1186
2025-01-12 09:19:47,49.25583960281676,-123.23680567009362,1187,1187
2025-01-12 09:19:48,49.25583960281676,-123.23680567009362,1188,1188
2025-01-12 09:19:49,49.25583960281676,-123.23680567009362,1189,1189
2025-01-12 09:19:50,49.25583960281676,-123.23680567009362,1190,1190
2025-01-12 09:19:51,49.25583960281676,-123.23680567009362,1191,1191
2025-01-12 09:19:52,49.25583960281676,-123.23680567009362,1192,1192
2025-01-12 09:19:53,49.25583960281676,-123.23680567009362,1193,1193
2025-01-12 09:19:54,49.25583960281676,-123.23680567009362,1194,1194
2025-01-12 09:19:55,49.25583960281676,-123.23680567009362,1195,1195
2025-01-12 09:19:56,49.25583960281676,-123.23680567009362,1196,1196
2025-01-12 09:19:57,49.25583960281676,-123.23680567009362,1197,1197
2025-01-12 09:19:58,49.25583960281676,-123.23680567009362,1198,1198
2025-01-12 09:19:59,49.25583960281676,-123.23680567009362,1199,1199
2025-01-12 09:20:00,49.25583960281676,-123.23680567009362,1200,1200
2025-01-12 09:20:01,49.25583960281676,-123.23680567009362,1201,1201
2025-01-12 09:20:02,49.25583960281676,-123.23680567009362,1202,1202
2025-01-12 09:20:03,49.25583960281676,-123.23680567009362,1203,1203
2025-01-12 09:20:04,49.25583960281676,-123.23680567009362,1204,1204
2025-01-12 09:20:05,49.25583960281676,-123.23680567009362,1205,1205
2025-01-12 09:20:06,49.25583960281676,-123.23680567009362,1206,1206
2025-01-12 09:20:07,49.25583960281676,-123.23680567009362,1207,1207
2025-01-12 09:20:08,49.25583960281676,-123.23680567009362,1208,1208
2025-01-12 09:20:09,49.25583960281676,-123.23680567009362,1209,1209
2025-01-12 09:20:10,49.25583960281676,-123.23680567009362,1210,1210
2025-01-12 09:20:11,49.25583960281676,-123.23680567009362,1211,1211
2025-01-12 09:20:12,49.25583960281676,-123.23680567009362,1212,1212
2025-01-12 09:20:13,49.25583960281676,-123.23680567009362,1213,1213
2025-01-12 09:20:14,49.25583960281676,-123.23680567009362,1214,1214
2025-01-12 09:20:15,49.25583960281676,-123.23680567009362,1215,1215
2025-01-12 09:20:16,49.25583960281676,-123.23680567009362,1216,1216
2025-01-12 09:20:17,49.25583960281676,-123.23680567009362,1217,1217
2025-01-12 09:20:18,49.25583960281676,-123.23680567009362,1218,1218
2025-01-12 09:20:19,49.25583960281676,-123.23680567009362,1219,1219
2025-01-12 09:20:20,49.25583960281676,-123.23680567009362,1220,1220
2025-01-12 09:20:21,49.25583960281676,-123.23680567009362,1221,1221
2025-01-12 09:20:22,49.25583960281676,-123.23680567009362,1222,1222
2025-01-12 09:20:23,49.25583960281676,-123.23680567009362,1223,1223
2025-01-12 09:20:24,49.25583960281676,-123.23680567009362,1224,1224
2025-01-12 09:20:25,49.25583960281676,-123.23680567009362,1225,1225
2025-01-12 09:20:26,49.25583960281676,-123.23680567009362,1226,1226
2025-01-12 09:20:27,49.25583960281676,-123.23680567009362,1227,1227
2025-01-12 09:20:28,49.25583960281676,-123.23680567009362,1228,1228
2025-01-12 09:20:29,49.25583960281676,-123.23680567009362,1229,1229
2025-01-12 09:20:30,49.25583960281676,-123.23680567009362,1230,1230
2025-01-12 09:20:31,49.25583960281676,-123.23680567009362,1231,1231
2025-01-12 09:20:32,49.25583960281676,-123.23680567009362,1232,1232
2025-01-12 09:20:33,49.25583960281676,-123.23680567009362,1233,1233
2025-01-12 09:20:34,49.25583960281676,-123.23680567009362,1234,1234
2025-01-12 09:20:35,49.25583960281676,-123.23680567009362,1235,1235
2025-01-12 09:20:36,49.25583960281676,-123.23680567009362,1236,1236
2025-01-12 09:20:37,49.25583960281676,-123.23680567009362,1237,1237
2025-01-12 09:20:38,49.25583960281676,-123.23680567009362,1238,1238
2025-01-12 09:20:39,49.25583960281676,-123.23680567009362,1239,1239
2025-01-12 09:20:40,49.25583960281676,-123.23680567009362,1240,1240
2025-01-12 09:20:41,49.25583960281676,-123.23680567009362,1241,1241
2025-01-12 09:20:42,49.25583960281676,-123.23680567009362,1242,1242
2025-01-12 09:20:43,49.25583960281676,-123.23680567009362,1243,1243
2025-01-12 09:20:44,49.25583960281676,-123.23680567009362,1244,1244
2025-01-12 09:20:45,49.25583960281676,-123.23680567009362,1245,1245
2025-01-12 09:20:46,49.25583960281676,-123.23680567009362,1246,1246
2025-01-12 09:20:47,49.25583960281676,-123.23680567009362,1247,1247
2025-01-12 09:20:48,49.25583960281676,-123.23680567009362,1248,1248
2025-01-12 09:20:49,49.25583960281676,-123.23680567009362,1249,1249
2025-01-12 09:20:50,49.25583960281676,-123.23680567009362,1250,1250
2025-01-12 09:20:51,49.25583960281676,-123.23680567009362,1251,1251
2025-01-12 09:20:52,49.25583960281676,-123.23680567009362,1252,1252
2025-01-12 09:20:53,49.25583960281676,-123.23680567009362,1253,1253
2025-01-12 09:20:54,49.25583960281676,-123.23680567009362,1254,1254
2025-01-12 09:20:55,49.25583960281676,-123.23680567009362,1255,1255
2025-01-12 09:20:56,49.25583960281676,-123.23680567009362,1256,1256
2025-01-12 09:20:57,49.25583960281676,-123.23680567009362,1257,1257
2025-01-12 09:20:58,49.25583960281676,-123.23680567009362,1258,1258
2025-01-12 09:20:59,49.25583960281676,-123.23680567009362,1259,1259
2025-01-12 09:21:00,49.25583960281676,-123.23680567009362,1260,1260
2025-01-12 09:21:01,49.25583960281676,-123.23680567009362,1261,1261
2025-01-12 09:21:02,49.25583960281676,-123.23680567009362,1262,1262
2025-01-12 09:21:03,49.25583960281676,-123.23680567009362,1263,1263
2025-01-12 09:21:04,49.25583960281676,-123.23680567009362,1264,1264
2025-01-12 09:21:05,49.25583960281676,-123.23680567009362,1265,1265
2025-01-12 09:21:06,49.25583960281676,-123.23680567009362,1266,1266
2025-01-12 09:21:07,49.25583960281676,-123.23680567009362,1267,1267
2025-01-12 09:21:08,49.25583960281676,-123.23680567009362,1268,1268
2025-01-12 09:21:09,49.25583960281676,-123.23680567009362,1269,1269
2025-01-12 09:21:10,49.25583960281676,-123.23680567009362,1270,1270
2025-01-12 09:21:11,49.25583960281676,-123.23680567009362,1271,1271
2025-01-12 09:21:12,49.25583960281676,-123.23680567009362,1272,1272
2025-01-12 09:21:13,49.25583960281676,-123.23680567009362,1273,1273
2025-01-12 09:21:14,49.25583960281676,-123.23680567009362,1274,1274
2025-01-12 09:21:15,49.25583960281676,-123.23680567009362,1275,1275
2025-01-12 09:21:16,49.25583960281676,-123.23680567009362,1276,1276
2025-01-12 09:21:17,49.25583960281676,-123.23680567009362,1277,1277
2025-01-12 09:21:18,49.25583960281676,-123.23680567009362,1278,1278
2025-01-12 09:21:19,49.25583960281676,-123.23680567009362,1279,1279
2025-01-12 09:21:20,49.25583960281676,-123.23680567009362,1280,1280
2025-01-12 09:21:21,49.25583960281676,-123.23680567009362,1281,1281
2025-01-12 09:21:22,49.25583960281676,-123.23680567009362,1282,1282
2025-01-12 09:21:23,49.25583960281676,-123.23680567009362,1283,1283
2025-01-12 09:21:24,49.25583960281676,-123.23680567009362,1284,1284
2025-01-12 09:21:25,49.25583960281676,-123.23680567009362,1285,1285
2025-01-12 09:21:26,49.25583960281676,-123.23680567009362,1286,1286
2025-01-12 09:21:27,49.25583960281676,-123.23680567009362,1287,1287
2025-01-12 09:21:28,49.25583960281676,-123.23680567009362,1288,1288
2025-01-12 09:21:29,49.25583960281676,-123.23680567009362,1289,1289
2025-01-12 09:21:30,49.25583960281676,-123.23680567009362,1290,1290
2025-01-12 09:21:31,49.25583960281676,-123.23680567009362,1291,1291
2025-01-12 09:21:32,49.25583960281676,-123.23680567009362,1292,1292
2025-01-12 09:21:33,49.25583960281676,-123.23680567009362,1293,1293
2025-01-12 09:21:34,49.25583960281676,-123.23680567009362,1294,1294
2025-01-12 09:21:35,49.25583960281676,-123.23680567009362,1295,1295
2025-01-12 09:15:57.879901,49.255665831932774,-123.23667167226893,958,957
2025-01-12 09:17:38.823479,49.25552629411765,-123.23647528571428,1059,1058
2025-01-12 09:18:08.823479,49.25554373109244,-123.23619060504204,1089,1088
2025-01-12 09:18:38.823479,49.25569821848739,-123.2360310840336,1119,1118
2025-01-12 09:19:08.823479,49.257058470588234,-123.232451,1149,1148
2025-01-12 09:21:28.195637,49.2576101512605,-123.23071037815126,1288,1288
2025-01-12 09:23:25.695468,49.25817910084034,-123.2278544369748,1406,1405
2025-01-12 09:24:57.365936,49.25840185714286,-123.22519157142858,1497,1497
2025-01-12 09:27:22.313014,49.258317857142856,-123.21546184873952,1642,1642
2025-01-12 09:29:20.177191,49.25821336134454,-123.20849505882352,1760,1760
2025-01-12 09:31:00.425349,49.258107873949584,-123.20154692436977,1860,1860
2025-01-12 09:33:13.003650,49.25803358823529,-123.1966775882353,1993,1993
2025-01-12 09:35:12.762765,49.257976,-123.19356089915966,2113,2112
2025-01-12 09:35:42.762765,49.257934,-123.19107637815128,2143,2142
2025-01-12 09:38:05.741844,49.25793065546218,-123.1907816554622,2286,2285
2025-01-12 09:40:15.984939,49.25785581512605,-123.18622440336136,2416,2415
2025-01-12 09:42:28.781507,49.25717112605042,-123.1851266302521,2549,2548
2025-01-12 09:44:01.031544,49.25513665546218,-123.1851384369748,2641,2641
2025-01-12 09:45:40.031187,49.253070941176475,-123.1851705882353,2740,2740
2025-01-12 09:47:17.920708,49.25101497478992,-123.18519021008404,2838,2837
2025-01-12 09:49:30.608123,49.249966781512605,-123.18463973109245,2971,2970
2025-01-12 09:51:20.931108,49.249948857142854,-123.17991586554622,3081,3080
2025-01-12 09:53:35.261311,49.249916386554624,-123.17326939495798,3215,3215
2025-01-12 09:55:25.920037,49.249885,-123.17159115126051,3326,3325
2025-01-12 09:55:55.920037,49.24975871428572,-123.17120114285714,3356,3355
2025-01-12 09:58:22.464194,49.24814941176471,-123.1681988235294,3502,3502
2025-01-12 10:00:40.124400,49.248012823529415,-123.16716571428572,3640,3640
2025-01-12 10:02:27.591024,49.24803731932773,-123.1640880420168,3748,3747
2025-01-12 10:04:03.537677,49.24834057983193,-123.1627504789916,3844,3843
2025-01-12 10:05:44.637243,49.25012001680672,-123.15812272268909,3945,3944
2025-01-12 10:08:11.157113,49.250952546218485,-123.15593596638656,4091,4091
2025-01-12 10:10:38.213564,49.251418831932774,-123.15454949579832,4238,4238
2025-01-12 10:11:08.213564,49.251501,-123.15376535294118,4268,4268
2025-01-12 10:11:38.213564,49.25141258823529,-123.15304365546218,4298,4298
2025-01-12 10:13:45.449482,49.25127111764706,-123.15250370588237,4425,4425
2025-01-12 10:15:31.661199,49.25095925210084,-123.15185115966386,4532,4531
2025-01-12 10:16:01.661199,49.24979979831932,-123.14962001680672,4562,4561
2025-01-12 10:17:40.019964,49.24958124369748,-123.14879201680672,4660,4660
2025-01-12 10:19:30.796085,49.24948887394958,-123.14804087394958,4771,4770
2025-01-12 10:21:09.902188,49.249446588235294,-123.14610458823527,4870,4869
2025-01-12 10:23:18.309476,49.24943,-123.1446301344538,4998,4998
2025-01-12 10:25:46.973960,49.24931014285714,-123.13909914285716,5147,5146
2025-01-12 10:27:57.301575,49.24924225210084,-123.13572176470588,5277,5277
2025-01-12 10:30:02.054429,49.24916951260504,-123.1304597815126,5402,5402
2025-01-12 10:32:16.483958,49.24910773109244,-123.12478058823528,5536,5536
2025-01-12 10:34:35.462534,49.24899874789916,-123.120386,5675,5675
2025-01-12 10:36:35.930063,49.248941823529414,-123.11687111764708,5796,5795
2025-01-12 10:38:42.860315,49.24887098319328,-123.11278989915968,5923,5922
2025-01-12 10:41:06.683504,49.24883868067227,-123.11067436134454,6067,6066
2025-01-12 10:43:29.056222,49.24887418487395,-123.1088638739496,6209,6209
2025-01-12 10:45:25.176995,49.248799336134454,-123.10454766386556,6325,6325
2025-01-12 10:47:21.013471,49.2488072605042,-123.10327903361345,6441,6441
2025-01-12 10:49:27.217924,49.24874384033613,-123.09900422689076,6567,6567
2025-01-12 10:51:01.124721,49.248719588235296,-123.09698647058823,6661,6661
2025-01-12 10:53:20.941132,49.2486897815126,-123.09441242857145,6801,6800
2025-01-12 10:55:06.440833,49.24866078991597,-123.09009401680672,6906,6906
2025-01-12 10:56:53.628381,49.24860664705882,-123.08716384033612,7014,7013
2025-01-12 10:58:48.904817,49.24857278151261,-123.08317938655462,7129,7128
2025-01-12 11:01:12.712652,49.248563857142855,-123.08190885714284,7273,7272
2025-01-12 11:03:30.384162,49.24853131092437,-123.07783246218489,7410,7410
2025-01-12 11:05:11.647311,49.24851217647059,-123.07609235294116,7512,7511
2025-01-12 11:05:41.647311,49.24850086554622,-123.07418150420168,7542,7541
2025-01-12 11:07:53.069960,49.24849796638655,-123.07336696638656,7673,7673
2025-01-12 11:10:16.163212,49.24786568907563,-123.07096449579832,7816,7816
2025-01-12 11:12:08.848060,49.24690777310924,-123.06890368907564,7929,7928
2025-01-12 11:14:01.372782,49.24590761344538,-123.06679399159664,8041,8041
2025-01-12 11:15:40.891018,49.24443005882353,-123.0636180672269,8141,8140
2025-01-12 11:17:26.419128,49.24313529411764,-123.06087505882353,8246,8246
2025-01-12 11:19:17.432355,49.2423218907563,-123.05762005882352,8357,8357
2025-01-12 11:21:46.675851,49.24321257983193,-123.05677397478992,8507,8506
2025-01-12 11:24:09.636629,49.243780327731095,-123.0566578907563,8650,8649
2025-01-12 11:25:58.435678,49.24498221008403,-123.05665892436974,8758,8758
2025-01-12 11:27:34.056606,49.24614917647059,-123.056656,8854,8854
2025-01-12 11:29:42.435164,49.24712365546218,-123.05665398319329,8982,8982
2025-01-12 11:31:41.779864,49.248524823529415,-123.0566454117647,9102,9101
2025-01-12 11:33:30.230086,49.25022342857143,-123.05660857142855,9210,9210
2025-01-12 11:35:39.430600,49.25062081512605,-123.05258846218489,9339,9339
2025-01-12 11:37:51.693642,49.25058999159664,-123.04671262184874,9472,9471
2025-01-12 11:39:38.119395,49.250584,-123.04401212605042,9578,9578
2025-01-12 11:41:14.489087,49.250619873949574,-123.04230464705884,9674,9674
2025-01-12 11:43:15.157190,49.25061033613446,-123.0392081260504,9795,9795
2025-01-12 11:45:14.202284,49.25060723529412,-123.03387023529412,9914,9914
2025-01-12 11:47:34.663802,49.25060751260504,-123.03237911764704,10055,10054
2025-01-12 11:49:18.111983,49.25063626890756,-123.02672968067226,10158,10158
2025-01-12 11:51:42.241361,49.25053051260504,-123.02378667226893,10302,10302
2025-01-12 11:54:02.912964,49.2488275210084,-123.02224618487396,10443,10442
2025-01-12 11:56:24.370776,49.24881205042017,-123.01662275630252,10584,10584
2025-01-12 11:58:16.475975,49.24926814285714,-123.0116610672269,10696,10696
2025-01-12 12:00:17.261345,49.24918170588236,-123.01004411764706,10817,10817
2025-01-12 12:02:44.330487,49.24895737815126,-123.00949428571428,10964,10964
2025-01-12 12:03:14.330487,49.24793580672269,-123.00804916806725,10994,10994
2025-01-12 12:05:22.900779,49.24755449579832,-123.0069584789916,11123,11122
2025-01-12 12:07:43.375477,49.24748342857143,-123.00639571428572,11263,11263
2025-01-12 12:09:50.170572,49.24763781512605,-123.00478523529412,11390,11390
2025-01-12 12:12:00.206184,49.2477744117647,-123.0041077815126,11520,11520
2025-01-12 12:12:30.206184,49.24801629411765,-123.00421123529412,11550,11550
2025-01-12 12:13:00.206184,49.24911639495798,-123.00424839495798,11580,11580
2025-01-12 12:15:20.041436,49.25301287394958,-123.00421157142856,11720,11720
2025-01-12 12:17:17.368579,49.2546811092437,-123.00417374789916,11837,11837
2025-01-12 12:18:51.586499,49.25664397478992,-123.00417486554622,11932,11931
2025-01-12 12:20:23.493880,49.2574778487395,-123.00416949579832,12023,12023
2025-01-12 12:21:58.616839,49.25786905882353,-123.0041642184874,12119,12118
2025-01-12 12:24:04.483222,49.259395705882355,-123.00412941176472,12244,12244
2025-01-12 12:26:30.441281,49.26050970588235,-123.00366066386556,12390,12390
2025-01-12 12:28:36.520423,49.26145238655462,-123.00325838655462,12517,12516
2025-01-12 12:30:36.087063,49.26225301680672,-123.00322985714286,12636,12636
2025-01-12 12:32:17.502601,49.26443216806722,-123.00314970588236,12738,12737
2025-01-12 12:34:28.238443,49.264629647058825,-123.00601121008404,12868,12868
2025-01-12 12:36:22.384583,49.26615693277311,-123.0060103445378,12982,12982
2025-01-12 12:38:27.076204,49.266367,-123.003293,13107,13107
